lead_id,campaign_id
LD-00002,CMP-008
LD-00005,CMP-019
LD-00007,CMP-008
LD-00009,CMP-023
LD-00010,CMP-008
LD-00010,CMP-015
LD-00011,CMP-025
LD-00015,CMP-004
LD-00017,CMP-020
LD-00018,CMP-024
LD-00019,CMP-030
LD-00024,CMP-023
LD-00025,CMP-025
LD-00027,CMP-028
LD-00028,CMP-015
LD-00028,CMP-021
LD-00041,CMP-022
LD-00044,CMP-026
LD-00045,CMP-003
LD-00045,CMP-007
LD-00050,CMP-005
LD-00050,CMP-009
LD-00051,CMP-024
LD-00059,CMP-005
LD-00061,CMP-020
LD-00061,CMP-003
LD-00062,CMP-017
LD-00062,CMP-009
LD-00065,CMP-022
LD-00067,CMP-004
LD-00067,CMP-010
LD-00068,CMP-001
LD-00068,CMP-024
LD-00071,CMP-017
LD-00074,CMP-005
LD-00076,CMP-020
LD-00078,CMP-029
LD-00080,CMP-002
LD-00083,CMP-027
LD-00085,CMP-005
LD-00092,CMP-023
LD-00102,CMP-001
LD-00103,CMP-008
LD-00105,CMP-003
LD-00108,CMP-024
LD-00110,CMP-008
LD-00110,CMP-026
LD-00112,CMP-004
LD-00114,CMP-015
LD-00114,CMP-028
LD-00116,CMP-002
LD-00119,CMP-007
LD-00125,CMP-026
LD-00125,CMP-028
LD-00126,CMP-002
LD-00129,CMP-030
LD-00136,CMP-013
LD-00137,CMP-010
LD-00137,CMP-014
LD-00140,CMP-005
LD-00140,CMP-007
LD-00152,CMP-003
LD-00153,CMP-013
LD-00168,CMP-030
LD-00168,CMP-025
LD-00170,CMP-003
LD-00177,CMP-027
LD-00177,CMP-018
LD-00182,CMP-030
LD-00198,CMP-027
LD-00198,CMP-009
LD-00201,CMP-006
LD-00203,CMP-018
LD-00203,CMP-001
LD-00204,CMP-018
LD-00205,CMP-019
LD-00208,CMP-029
LD-00211,CMP-007
LD-00214,CMP-020
LD-00214,CMP-024
LD-00215,CMP-028
LD-00222,CMP-026
LD-00222,CMP-022
LD-00223,CMP-009
LD-00225,CMP-028
LD-00225,CMP-002
LD-00227,CMP-012
LD-00227,CMP-010
LD-00230,CMP-013
LD-00238,CMP-004
LD-00239,CMP-006
LD-00239,CMP-019
LD-00242,CMP-012
LD-00249,CMP-001
LD-00249,CMP-017
LD-00251,CMP-012
LD-00256,CMP-024
LD-00258,CMP-011
LD-00258,CMP-013
LD-00261,CMP-022
LD-00261,CMP-024
LD-00266,CMP-007
LD-00270,CMP-022
LD-00270,CMP-007
LD-00276,CMP-003
LD-00276,CMP-027
LD-00280,CMP-001
LD-00281,CMP-020
LD-00281,CMP-028
LD-00283,CMP-023
LD-00285,CMP-005
LD-00287,CMP-025
LD-00288,CMP-026
LD-00292,CMP-015
LD-00297,CMP-020
LD-00297,CMP-027
LD-00304,CMP-025
LD-00304,CMP-008
LD-00318,CMP-003
LD-00322,CMP-013
LD-00322,CMP-029
LD-00325,CMP-016
LD-00326,CMP-010
LD-00328,CMP-018
LD-00328,CMP-024
LD-00333,CMP-001
LD-00333,CMP-013
LD-00339,CMP-030
LD-00340,CMP-003
LD-00342,CMP-006
LD-00342,CMP-002
LD-00354,CMP-008
LD-00354,CMP-021
LD-00355,CMP-025
LD-00356,CMP-007
LD-00368,CMP-010
LD-00370,CMP-019
LD-00371,CMP-013
LD-00371,CMP-023
LD-00372,CMP-004
LD-00373,CMP-028
LD-00373,CMP-022
LD-00375,CMP-012
LD-00378,CMP-001
LD-00378,CMP-028
LD-00383,CMP-023
LD-00383,CMP-005
LD-00385,CMP-020
LD-00385,CMP-026
LD-00386,CMP-015
LD-00386,CMP-014
LD-00394,CMP-011
LD-00394,CMP-001
LD-00396,CMP-007
LD-00396,CMP-012
LD-00400,CMP-018
LD-00400,CMP-001
LD-00402,CMP-024
LD-00405,CMP-021
LD-00405,CMP-023
LD-00408,CMP-013
LD-00417,CMP-010
LD-00417,CMP-009
LD-00423,CMP-007
LD-00428,CMP-027
LD-00431,CMP-023
LD-00433,CMP-018
LD-00434,CMP-021
LD-00441,CMP-009
LD-00444,CMP-016
LD-00444,CMP-003
LD-00450,CMP-004
LD-00451,CMP-020
LD-00451,CMP-026
LD-00457,CMP-010
LD-00457,CMP-019
LD-00466,CMP-006
LD-00467,CMP-023
LD-00468,CMP-002
LD-00468,CMP-008
LD-00470,CMP-003
LD-00470,CMP-022
LD-00473,CMP-014
LD-00476,CMP-027
LD-00478,CMP-020
LD-00482,CMP-023
LD-00482,CMP-013
LD-00485,CMP-020
LD-00486,CMP-024
LD-00487,CMP-001
LD-00487,CMP-003
LD-00490,CMP-025
LD-00491,CMP-019
LD-00491,CMP-002
LD-00498,CMP-003
LD-00498,CMP-016
LD-00499,CMP-011
LD-00499,CMP-022
LD-00502,CMP-010
LD-00502,CMP-022
LD-00515,CMP-017
LD-00525,CMP-023
LD-00526,CMP-018
LD-00530,CMP-021
LD-00531,CMP-030
LD-00531,CMP-023
LD-00533,CMP-027
LD-00533,CMP-016
LD-00535,CMP-013
LD-00539,CMP-009
LD-00544,CMP-010
LD-00546,CMP-028
LD-00546,CMP-005
LD-00552,CMP-023
LD-00554,CMP-002
LD-00554,CMP-011
LD-00558,CMP-016
LD-00560,CMP-028
LD-00560,CMP-004
LD-00583,CMP-008
LD-00586,CMP-015
LD-00587,CMP-029
LD-00588,CMP-026
LD-00591,CMP-017
LD-00596,CMP-020
LD-00596,CMP-022
LD-00597,CMP-008
LD-00598,CMP-015
LD-00598,CMP-009
LD-00600,CMP-029
LD-00600,CMP-010
LD-00620,CMP-030
LD-00625,CMP-008
LD-00625,CMP-021
LD-00632,CMP-010
LD-00634,CMP-024
LD-00635,CMP-011
LD-00638,CMP-017
LD-00649,CMP-028
LD-00651,CMP-028
LD-00651,CMP-026
LD-00659,CMP-027
LD-00659,CMP-021
LD-00661,CMP-016
LD-00662,CMP-030
LD-00667,CMP-004
LD-00667,CMP-005
LD-00668,CMP-010
LD-00670,CMP-029
LD-00672,CMP-022
LD-00672,CMP-024
LD-00676,CMP-021
LD-00676,CMP-004
LD-00677,CMP-009
LD-00677,CMP-002
LD-00687,CMP-007
LD-00690,CMP-022
LD-00694,CMP-008
LD-00694,CMP-005
LD-00696,CMP-019
LD-00699,CMP-026
LD-00700,CMP-009
LD-00703,CMP-026
LD-00706,CMP-012
LD-00708,CMP-001
LD-00708,CMP-006
LD-00710,CMP-017
LD-00712,CMP-025
LD-00715,CMP-020
LD-00716,CMP-015
LD-00716,CMP-021
LD-00719,CMP-014
LD-00719,CMP-022
LD-00720,CMP-003
LD-00724,CMP-013
LD-00728,CMP-026
LD-00736,CMP-027
LD-00736,CMP-015
LD-00741,CMP-022
LD-00743,CMP-003
LD-00748,CMP-022
LD-00749,CMP-028
LD-00757,CMP-005
LD-00761,CMP-004
LD-00761,CMP-025
LD-00770,CMP-001
LD-00770,CMP-006
LD-00771,CMP-030
LD-00771,CMP-011
LD-00772,CMP-028
LD-00775,CMP-003
LD-00779,CMP-010
LD-00779,CMP-024
LD-00782,CMP-005
LD-00783,CMP-022
LD-00788,CMP-025
LD-00791,CMP-017
LD-00793,CMP-020
LD-00794,CMP-010
LD-00802,CMP-017
LD-00809,CMP-028
LD-00810,CMP-019
LD-00810,CMP-013
LD-00814,CMP-006
LD-00819,CMP-008
LD-00822,CMP-024
LD-00822,CMP-011
LD-00825,CMP-017
LD-00833,CMP-006
LD-00837,CMP-015
LD-00847,CMP-016
LD-00851,CMP-010
LD-00858,CMP-015
LD-00862,CMP-011
LD-00868,CMP-017
LD-00870,CMP-015
LD-00871,CMP-012
LD-00873,CMP-025
LD-00873,CMP-011
LD-00879,CMP-010
LD-00879,CMP-009
LD-00884,CMP-030
LD-00891,CMP-021
LD-00891,CMP-026
LD-00892,CMP-022
LD-00897,CMP-017
LD-00897,CMP-012
LD-00898,CMP-006
LD-00901,CMP-008
LD-00903,CMP-028
LD-00912,CMP-006
LD-00913,CMP-024
LD-00917,CMP-020
LD-00917,CMP-010
LD-00924,CMP-012
LD-00928,CMP-017
LD-00928,CMP-014
LD-00934,CMP-018
LD-00934,CMP-030
LD-00942,CMP-003
LD-00942,CMP-030
LD-00946,CMP-013
LD-00947,CMP-013
LD-00950,CMP-027
LD-00953,CMP-010
LD-00961,CMP-027
LD-00972,CMP-020
LD-00972,CMP-018
LD-00973,CMP-023
LD-00974,CMP-001
LD-00979,CMP-003
LD-00981,CMP-013
LD-00983,CMP-012
LD-00983,CMP-009
LD-00986,CMP-024
LD-00989,CMP-005
LD-00989,CMP-002
LD-00998,CMP-002
LD-00999,CMP-026
LD-01001,CMP-017
LD-01003,CMP-009
LD-01003,CMP-002
LD-01020,CMP-024
LD-01022,CMP-018
LD-01024,CMP-022
LD-01025,CMP-020
LD-01025,CMP-023
LD-01029,CMP-020
LD-01029,CMP-014
LD-01033,CMP-012
LD-01040,CMP-003
LD-01049,CMP-019
LD-01050,CMP-013
LD-01054,CMP-016
LD-01057,CMP-023
LD-01063,CMP-015
LD-01067,CMP-022
LD-01067,CMP-012
LD-01072,CMP-026
LD-01073,CMP-004
LD-01080,CMP-020
LD-01082,CMP-023
LD-01087,CMP-021
LD-01088,CMP-022
LD-01088,CMP-017
LD-01090,CMP-025
LD-01094,CMP-017
LD-01095,CMP-006
LD-01097,CMP-017
LD-01097,CMP-029
LD-01098,CMP-009
LD-01110,CMP-027
LD-01110,CMP-030
LD-01111,CMP-003
LD-01112,CMP-021
LD-01116,CMP-021
LD-01119,CMP-010
LD-01119,CMP-015
LD-01120,CMP-006
LD-01131,CMP-011
LD-01133,CMP-008
LD-01134,CMP-010
LD-01141,CMP-007
LD-01141,CMP-025
LD-01147,CMP-017
LD-01147,CMP-015
LD-01151,CMP-020
LD-01151,CMP-029
LD-01155,CMP-014
LD-01156,CMP-024
LD-01156,CMP-012
LD-01163,CMP-025
LD-01167,CMP-004
LD-01176,CMP-023
LD-01178,CMP-005
LD-01178,CMP-020
LD-01182,CMP-020
LD-01182,CMP-024
LD-01187,CMP-016
LD-01187,CMP-027
LD-01188,CMP-022
LD-01189,CMP-019
LD-01189,CMP-010
LD-01193,CMP-009
LD-01204,CMP-002
LD-01211,CMP-028
LD-01211,CMP-024
LD-01230,CMP-008
LD-01230,CMP-010
LD-01232,CMP-011
LD-01232,CMP-016
LD-01247,CMP-021
LD-01247,CMP-009
LD-01248,CMP-007
LD-01250,CMP-005
LD-01250,CMP-004
LD-01254,CMP-021
LD-01256,CMP-023
LD-01259,CMP-014
LD-01260,CMP-016
LD-01260,CMP-021
LD-01263,CMP-030
LD-01268,CMP-030
LD-01270,CMP-030
LD-01279,CMP-030
LD-01283,CMP-029
LD-01283,CMP-005
LD-01286,CMP-011
LD-01293,CMP-006
LD-01304,CMP-008
LD-01329,CMP-025
LD-01329,CMP-018
LD-01346,CMP-004
LD-01346,CMP-022
LD-01349,CMP-026
LD-01349,CMP-002
LD-01351,CMP-019
LD-01351,CMP-002
LD-01353,CMP-024
LD-01353,CMP-001
LD-01358,CMP-023
LD-01358,CMP-003
LD-01360,CMP-030
LD-01362,CMP-025
LD-01363,CMP-012
LD-01374,CMP-017
LD-01374,CMP-005
LD-01376,CMP-025
LD-01377,CMP-015
LD-01377,CMP-022
LD-01379,CMP-027
LD-01379,CMP-008
LD-01381,CMP-007
LD-01381,CMP-030
LD-01382,CMP-002
LD-01383,CMP-020
LD-01383,CMP-025
LD-01387,CMP-015
LD-01390,CMP-013
LD-01392,CMP-005
LD-01394,CMP-019
LD-01394,CMP-020
LD-01395,CMP-008
LD-01395,CMP-010
LD-01398,CMP-010
LD-01398,CMP-009
LD-01399,CMP-021
LD-01400,CMP-002
LD-01400,CMP-012
LD-01405,CMP-010
LD-01408,CMP-010
LD-01409,CMP-026
LD-01410,CMP-018
LD-01417,CMP-028
LD-01417,CMP-012
LD-01422,CMP-028
LD-01423,CMP-016
LD-01431,CMP-030
LD-01431,CMP-008
LD-01435,CMP-025
LD-01435,CMP-010
LD-01436,CMP-010
LD-01436,CMP-009
LD-01439,CMP-025
LD-01439,CMP-027
LD-01440,CMP-012
LD-01445,CMP-010
LD-01446,CMP-008
LD-01448,CMP-018
LD-01448,CMP-021
LD-01449,CMP-009
LD-01449,CMP-025
LD-01450,CMP-015
LD-01450,CMP-006
LD-01461,CMP-025
LD-01462,CMP-027
LD-01464,CMP-001
LD-01472,CMP-001
LD-01472,CMP-017
LD-01473,CMP-001
LD-01473,CMP-017
LD-01478,CMP-017
LD-01479,CMP-020
LD-01486,CMP-010
LD-01489,CMP-003
LD-01491,CMP-002
LD-01491,CMP-021
LD-01492,CMP-003
LD-01496,CMP-029
LD-01498,CMP-029
LD-01503,CMP-029
LD-01504,CMP-006
LD-01512,CMP-019
LD-01517,CMP-026
LD-01522,CMP-008
LD-01529,CMP-026
LD-01532,CMP-014
LD-01532,CMP-006
LD-01539,CMP-013
LD-01542,CMP-012
LD-01542,CMP-004
LD-01543,CMP-015
LD-01546,CMP-014
LD-01548,CMP-004
LD-01548,CMP-001
LD-01550,CMP-028
LD-01550,CMP-013
LD-01551,CMP-013
LD-01559,CMP-010
LD-01559,CMP-009
LD-01561,CMP-009
LD-01562,CMP-026
LD-01562,CMP-003
LD-01567,CMP-004
LD-01567,CMP-005
LD-01570,CMP-026
LD-01570,CMP-028
LD-01571,CMP-014
LD-01571,CMP-027
LD-01574,CMP-011
LD-01574,CMP-020
LD-01577,CMP-011
LD-01577,CMP-010
LD-01579,CMP-011
LD-01583,CMP-019
LD-01586,CMP-024
LD-01587,CMP-015
LD-01589,CMP-027
LD-01592,CMP-021
LD-01593,CMP-022
LD-01593,CMP-005
LD-01594,CMP-003
LD-01594,CMP-015
LD-01596,CMP-018
LD-01596,CMP-017
LD-01600,CMP-023
LD-01601,CMP-004
LD-01608,CMP-025
LD-01608,CMP-011
LD-01611,CMP-008
LD-01617,CMP-012
LD-01619,CMP-014
LD-01619,CMP-030
LD-01623,CMP-011
LD-01627,CMP-024
LD-01627,CMP-023
LD-01629,CMP-026
LD-01631,CMP-021
LD-01632,CMP-030
LD-01636,CMP-015
LD-01636,CMP-008
LD-01640,CMP-001
LD-01640,CMP-024
LD-01642,CMP-013
LD-01642,CMP-001
LD-01644,CMP-019
LD-01653,CMP-020
LD-01653,CMP-013
LD-01658,CMP-030
LD-01658,CMP-020
LD-01668,CMP-006
LD-01668,CMP-016
LD-01673,CMP-010
LD-01673,CMP-005
LD-01675,CMP-028
LD-01677,CMP-007
LD-01680,CMP-014
LD-01680,CMP-022
LD-01681,CMP-016
LD-01681,CMP-006
LD-01682,CMP-026
LD-01684,CMP-008
LD-01684,CMP-018
LD-01687,CMP-018
LD-01687,CMP-017
LD-01688,CMP-009
LD-01691,CMP-025
LD-01695,CMP-010
LD-01702,CMP-007
LD-01705,CMP-006
LD-01705,CMP-020
LD-01706,CMP-027
LD-01708,CMP-018
LD-01708,CMP-009
LD-01710,CMP-010
LD-01710,CMP-019
LD-01715,CMP-030
LD-01715,CMP-002
LD-01718,CMP-008
LD-01720,CMP-025
LD-01722,CMP-019
LD-01726,CMP-013
LD-01728,CMP-015
LD-01728,CMP-016
LD-01730,CMP-024
LD-01735,CMP-007
LD-01735,CMP-014
LD-01737,CMP-027
LD-01737,CMP-010
LD-01744,CMP-021
LD-01750,CMP-007
LD-01757,CMP-009
LD-01757,CMP-003
LD-01760,CMP-021
LD-01765,CMP-007
LD-01766,CMP-019
LD-01769,CMP-027
LD-01769,CMP-004
LD-01771,CMP-016
LD-01775,CMP-012
LD-01775,CMP-029
LD-01777,CMP-021
LD-01779,CMP-020
LD-01784,CMP-020
LD-01787,CMP-005
LD-01793,CMP-021
LD-01794,CMP-025
LD-01796,CMP-007
LD-01800,CMP-026
LD-01801,CMP-016
LD-01806,CMP-012
LD-01808,CMP-012
LD-01808,CMP-018
LD-01809,CMP-025
LD-01809,CMP-003
LD-01810,CMP-001
LD-01811,CMP-030
LD-01812,CMP-017
LD-01812,CMP-010
LD-01814,CMP-014
LD-01814,CMP-023
LD-01818,CMP-010
LD-01819,CMP-026
LD-01820,CMP-013
LD-01833,CMP-004
LD-01834,CMP-023
LD-01835,CMP-012
LD-01837,CMP-006
LD-01837,CMP-012
LD-01839,CMP-024
LD-01839,CMP-029
LD-01843,CMP-009
LD-01845,CMP-016
LD-01847,CMP-028
LD-01847,CMP-019
LD-01848,CMP-009
LD-01852,CMP-002
LD-01854,CMP-016
LD-01855,CMP-006
LD-01862,CMP-030
LD-01862,CMP-024
LD-01868,CMP-026
LD-01870,CMP-003
LD-01872,CMP-011
LD-01872,CMP-003
LD-01874,CMP-010
LD-01876,CMP-015
LD-01877,CMP-025
LD-01877,CMP-007
LD-01881,CMP-001
LD-01887,CMP-028
LD-01895,CMP-003
LD-01895,CMP-002
LD-01902,CMP-017
LD-01903,CMP-003
LD-01905,CMP-008
LD-01912,CMP-003
LD-01913,CMP-025
LD-01915,CMP-006
LD-01918,CMP-025
LD-01918,CMP-007
LD-01921,CMP-006
LD-01922,CMP-027
LD-01922,CMP-023
LD-01926,CMP-023
LD-01928,CMP-022
LD-01929,CMP-001
LD-01937,CMP-027
LD-01938,CMP-005
LD-01941,CMP-019
LD-01944,CMP-007
LD-01948,CMP-004
LD-01948,CMP-002
LD-01949,CMP-006
LD-01950,CMP-027
LD-01950,CMP-024
LD-01951,CMP-013
LD-01953,CMP-030
LD-01955,CMP-002
LD-01970,CMP-026
LD-01970,CMP-023
LD-01972,CMP-012
LD-01972,CMP-030
LD-01974,CMP-006
LD-01974,CMP-001
LD-01979,CMP-017
LD-01982,CMP-004
LD-01986,CMP-025
LD-01988,CMP-012
LD-01988,CMP-030
LD-01996,CMP-019
LD-01996,CMP-005
LD-01998,CMP-018
LD-01998,CMP-010
LD-01999,CMP-003
LD-02000,CMP-001
LD-02001,CMP-011
LD-02008,CMP-005
LD-02019,CMP-006
LD-02026,CMP-008
LD-02026,CMP-022
LD-02045,CMP-008
LD-02046,CMP-006
LD-02046,CMP-021
LD-02048,CMP-015
LD-02049,CMP-008
LD-02054,CMP-024
LD-02056,CMP-016
LD-02056,CMP-029
LD-02058,CMP-027
LD-02059,CMP-006
LD-02062,CMP-011
LD-02067,CMP-018
LD-02074,CMP-020
LD-02077,CMP-007
LD-02079,CMP-022
LD-02079,CMP-010
LD-02081,CMP-019
LD-02084,CMP-014
LD-02086,CMP-007
LD-02086,CMP-004
LD-02087,CMP-021
LD-02088,CMP-016
LD-02090,CMP-016
LD-02090,CMP-029
LD-02092,CMP-006
LD-02097,CMP-008
LD-02097,CMP-027
LD-02099,CMP-003
LD-02102,CMP-018
LD-02103,CMP-027
LD-02110,CMP-029
LD-02110,CMP-028
LD-02117,CMP-006
LD-02118,CMP-007
LD-02120,CMP-003
LD-02129,CMP-018
LD-02129,CMP-013
LD-02132,CMP-026
LD-02135,CMP-014
LD-02136,CMP-030
LD-02142,CMP-013
LD-02142,CMP-021
LD-02144,CMP-006
LD-02146,CMP-002
LD-02147,CMP-023
LD-02147,CMP-008
LD-02150,CMP-001
LD-02150,CMP-011
LD-02158,CMP-025
LD-02159,CMP-024
LD-02159,CMP-014
LD-02164,CMP-025
LD-02164,CMP-017
LD-02166,CMP-003
LD-02172,CMP-029
LD-02176,CMP-023
LD-02176,CMP-007
LD-02177,CMP-017
LD-02177,CMP-013
LD-02179,CMP-008
LD-02182,CMP-019
LD-02187,CMP-010
LD-02188,CMP-006
LD-02189,CMP-028
LD-02191,CMP-009
LD-02194,CMP-016
LD-02198,CMP-020
LD-02204,CMP-015
LD-02204,CMP-009
LD-02210,CMP-018
LD-02212,CMP-022
LD-02212,CMP-004
LD-02220,CMP-005
LD-02224,CMP-022
LD-02224,CMP-011
LD-02227,CMP-009
LD-02227,CMP-030
LD-02245,CMP-024
LD-02246,CMP-022
LD-02247,CMP-008
LD-02251,CMP-012
LD-02251,CMP-009
LD-02254,CMP-028
LD-02283,CMP-005
LD-02289,CMP-024
LD-02291,CMP-025
LD-02291,CMP-027
LD-02293,CMP-021
LD-02295,CMP-010
LD-02295,CMP-005
LD-02296,CMP-006
LD-02296,CMP-003
LD-02299,CMP-014
LD-02299,CMP-029
LD-02301,CMP-012
LD-02301,CMP-025
LD-02314,CMP-025
LD-02314,CMP-018
LD-02319,CMP-023
LD-02320,CMP-013
LD-02321,CMP-016
LD-02321,CMP-023
LD-02325,CMP-022
LD-02328,CMP-027
LD-02328,CMP-029
LD-02329,CMP-010
LD-02330,CMP-016
LD-02332,CMP-027
LD-02332,CMP-017
LD-02337,CMP-023
LD-02340,CMP-030
LD-02341,CMP-005
LD-02343,CMP-024
LD-02347,CMP-009
LD-02347,CMP-015
LD-02348,CMP-028
LD-02349,CMP-012
LD-02349,CMP-026
LD-02354,CMP-028
LD-02355,CMP-011
LD-02358,CMP-012
LD-02365,CMP-021
LD-02365,CMP-029
LD-02369,CMP-004
LD-02374,CMP-025
LD-02374,CMP-012
LD-02377,CMP-016
LD-02379,CMP-015
LD-02380,CMP-021
LD-02383,CMP-022
LD-02391,CMP-005
LD-02391,CMP-027
LD-02394,CMP-021
LD-02403,CMP-018
LD-02406,CMP-015
LD-02406,CMP-026
LD-02407,CMP-028
LD-02408,CMP-004
LD-02408,CMP-016
LD-02410,CMP-014
LD-02411,CMP-027
LD-02420,CMP-027
LD-02428,CMP-001
LD-02432,CMP-023
LD-02432,CMP-004
LD-02433,CMP-016
LD-02434,CMP-004
LD-02434,CMP-009
LD-02442,CMP-002
LD-02442,CMP-030
LD-02445,CMP-015
LD-02451,CMP-027
LD-02451,CMP-019
LD-02453,CMP-023
LD-02459,CMP-014
LD-02459,CMP-020
LD-02460,CMP-009
LD-02462,CMP-015
LD-02462,CMP-026
LD-02467,CMP-023
LD-02467,CMP-024
LD-02470,CMP-022
LD-02470,CMP-012
LD-02472,CMP-017
LD-02479,CMP-022
LD-02479,CMP-024
LD-02484,CMP-001
LD-02486,CMP-007
LD-02487,CMP-010
LD-02493,CMP-027
LD-02493,CMP-015
LD-02505,CMP-014
LD-02505,CMP-026
LD-02509,CMP-007
LD-02509,CMP-020
LD-02511,CMP-027
LD-02511,CMP-008
LD-02521,CMP-006
LD-02525,CMP-018
LD-02525,CMP-009
LD-02529,CMP-002
LD-02535,CMP-026
LD-02535,CMP-019
LD-02538,CMP-006
LD-02541,CMP-003
LD-02542,CMP-022
LD-02543,CMP-010
LD-02543,CMP-007
LD-02550,CMP-015
LD-02551,CMP-002
LD-02561,CMP-016
LD-02561,CMP-002
LD-02564,CMP-004
LD-02565,CMP-021
LD-02579,CMP-023
LD-02579,CMP-011
LD-02582,CMP-018
LD-02583,CMP-030
LD-02588,CMP-018
LD-02589,CMP-025
LD-02591,CMP-012
LD-02593,CMP-020
LD-02595,CMP-013
LD-02595,CMP-027
LD-02598,CMP-024
LD-02603,CMP-001
LD-02603,CMP-018
LD-02604,CMP-004
LD-02605,CMP-018
LD-02614,CMP-008
LD-02617,CMP-028
LD-02622,CMP-009
LD-02623,CMP-011
LD-02626,CMP-020
LD-02626,CMP-003
LD-02631,CMP-019
LD-02635,CMP-008
LD-02637,CMP-009
LD-02637,CMP-027
LD-02638,CMP-029
LD-02638,CMP-016
LD-02640,CMP-016
LD-02640,CMP-018
LD-02648,CMP-024
LD-02649,CMP-028
LD-02651,CMP-025
LD-02654,CMP-021
LD-02654,CMP-025
LD-02660,CMP-013
LD-02662,CMP-028
LD-02665,CMP-015
LD-02666,CMP-024
LD-02669,CMP-008
LD-02669,CMP-003
LD-02678,CMP-004
LD-02680,CMP-027
LD-02680,CMP-024
LD-02681,CMP-013
LD-02685,CMP-013
LD-02685,CMP-030
LD-02692,CMP-015
LD-02693,CMP-017
LD-02702,CMP-022
LD-02702,CMP-016
LD-02704,CMP-001
LD-02704,CMP-008
LD-02705,CMP-005
LD-02709,CMP-030
LD-02714,CMP-003
LD-02714,CMP-007
LD-02715,CMP-028
LD-02715,CMP-016
LD-02721,CMP-006
LD-02721,CMP-024
LD-02728,CMP-027
LD-02729,CMP-006
LD-02732,CMP-003
LD-02735,CMP-029
LD-02738,CMP-012
LD-02738,CMP-028
LD-02739,CMP-008
LD-02739,CMP-026
LD-02744,CMP-014
LD-02745,CMP-025
LD-02745,CMP-008
LD-02751,CMP-019
LD-02761,CMP-019
LD-02761,CMP-012
LD-02768,CMP-009
LD-02768,CMP-010
LD-02772,CMP-024
LD-02776,CMP-026
LD-02777,CMP-006
LD-02779,CMP-027
LD-02780,CMP-003
LD-02782,CMP-020
LD-02783,CMP-030
LD-02783,CMP-013
LD-02784,CMP-023
LD-02784,CMP-020
LD-02785,CMP-021
LD-02787,CMP-007
LD-02787,CMP-002
LD-02788,CMP-020
LD-02789,CMP-012
LD-02790,CMP-006
LD-02791,CMP-025
LD-02794,CMP-017
LD-02795,CMP-030
LD-02803,CMP-015
LD-02808,CMP-017
LD-02809,CMP-026
LD-02811,CMP-023
LD-02811,CMP-015
LD-02817,CMP-029
LD-02817,CMP-019
LD-02820,CMP-021
LD-02820,CMP-026
LD-02827,CMP-008
LD-02830,CMP-003
LD-02830,CMP-018
LD-02841,CMP-007
LD-02841,CMP-008
LD-02845,CMP-004
LD-02846,CMP-020
LD-02846,CMP-001
LD-02847,CMP-028
LD-02860,CMP-016
LD-02863,CMP-015
LD-02865,CMP-011
LD-02865,CMP-023
LD-02866,CMP-013
LD-02867,CMP-012
LD-02867,CMP-020
LD-02870,CMP-016
LD-02870,CMP-020
LD-02891,CMP-016
LD-02892,CMP-026
LD-02892,CMP-016
LD-02898,CMP-016
LD-02900,CMP-009
LD-02905,CMP-012
LD-02910,CMP-025
LD-02922,CMP-021
LD-02922,CMP-020
LD-02925,CMP-011
LD-02926,CMP-021
LD-02926,CMP-010
LD-02927,CMP-009
LD-02927,CMP-029
LD-02929,CMP-024
LD-02929,CMP-019
LD-02937,CMP-007
LD-02938,CMP-004
LD-02939,CMP-018
LD-02939,CMP-002
LD-02940,CMP-017
LD-02941,CMP-004
LD-02942,CMP-003
LD-02944,CMP-008
LD-02944,CMP-024
LD-02947,CMP-001
LD-02950,CMP-015
LD-02950,CMP-028
LD-02956,CMP-021
LD-02958,CMP-017
LD-02958,CMP-021
LD-02960,CMP-016
LD-02960,CMP-018
LD-02966,CMP-012
LD-02973,CMP-020
LD-02973,CMP-008
LD-02979,CMP-027
LD-02979,CMP-013
LD-02981,CMP-017
LD-02989,CMP-006
LD-02997,CMP-006
LD-03000,CMP-024
LD-03000,CMP-001
LD-03001,CMP-001
LD-03007,CMP-011
LD-03010,CMP-025
LD-03010,CMP-013
LD-03011,CMP-006
LD-03012,CMP-027
LD-03012,CMP-013
LD-03018,CMP-007
LD-03021,CMP-016
LD-03029,CMP-021
LD-03029,CMP-010
LD-03030,CMP-028
LD-03034,CMP-006
LD-03042,CMP-012
LD-03050,CMP-021
LD-03050,CMP-005
LD-03052,CMP-016
LD-03066,CMP-007
LD-03066,CMP-019
LD-03069,CMP-028
LD-03069,CMP-027
LD-03070,CMP-003
LD-03077,CMP-029
LD-03078,CMP-025
LD-03087,CMP-011
LD-03088,CMP-004
LD-03088,CMP-017
LD-03090,CMP-006
LD-03095,CMP-022
LD-03095,CMP-016
LD-03098,CMP-008
LD-03098,CMP-020
LD-03100,CMP-021
LD-03103,CMP-012
LD-03107,CMP-027
LD-03112,CMP-017
LD-03113,CMP-018
LD-03114,CMP-017
LD-03126,CMP-018
LD-03136,CMP-027
LD-03136,CMP-024
LD-03137,CMP-019
LD-03145,CMP-010
LD-03153,CMP-030
LD-03157,CMP-015
LD-03159,CMP-029
LD-03159,CMP-019
LD-03160,CMP-026
LD-03160,CMP-010
LD-03161,CMP-019
LD-03166,CMP-020
LD-03167,CMP-024
LD-03176,CMP-024
LD-03179,CMP-002
LD-03180,CMP-011
LD-03182,CMP-005
LD-03183,CMP-015
LD-03189,CMP-003
LD-03189,CMP-016
LD-03191,CMP-009
LD-03195,CMP-016
LD-03199,CMP-008
LD-03202,CMP-004
LD-03205,CMP-012
LD-03205,CMP-020
LD-03207,CMP-012
LD-03211,CMP-030
LD-03217,CMP-008
LD-03218,CMP-028
LD-03223,CMP-001
LD-03223,CMP-011
LD-03224,CMP-007
LD-03243,CMP-028
LD-03243,CMP-004
LD-03244,CMP-008
LD-03244,CMP-013
LD-03250,CMP-017
LD-03253,CMP-008
LD-03254,CMP-011
LD-03254,CMP-016
LD-03255,CMP-001
LD-03256,CMP-012
LD-03256,CMP-021
LD-03261,CMP-029
LD-03262,CMP-018
LD-03263,CMP-005
LD-03264,CMP-022
LD-03264,CMP-005
LD-03266,CMP-014
LD-03268,CMP-030
LD-03271,CMP-019
LD-03273,CMP-010
LD-03280,CMP-011
LD-03281,CMP-006
LD-03284,CMP-029
LD-03284,CMP-014
LD-03287,CMP-005
LD-03287,CMP-025
LD-03290,CMP-020
LD-03294,CMP-003
LD-03294,CMP-023
LD-03298,CMP-006
LD-03298,CMP-028
LD-03302,CMP-025
LD-03302,CMP-001
LD-03303,CMP-008
LD-03303,CMP-024
LD-03311,CMP-029
LD-03311,CMP-008
LD-03316,CMP-020
LD-03316,CMP-024
LD-03321,CMP-015
LD-03328,CMP-017
LD-03336,CMP-020
LD-03342,CMP-006
LD-03346,CMP-011
LD-03349,CMP-029
LD-03353,CMP-023
LD-03363,CMP-002
LD-03368,CMP-006
LD-03369,CMP-014
LD-03373,CMP-004
LD-03376,CMP-001
LD-03380,CMP-008
LD-03381,CMP-015
LD-03381,CMP-014
LD-03384,CMP-020
LD-03389,CMP-002
LD-03390,CMP-022
LD-03391,CMP-011
LD-03391,CMP-030
LD-03392,CMP-014
LD-03394,CMP-020
LD-03394,CMP-022
LD-03401,CMP-025
LD-03402,CMP-029
LD-03402,CMP-013
LD-03406,CMP-005
LD-03406,CMP-004
LD-03413,CMP-016
LD-03420,CMP-030
LD-03420,CMP-005
LD-03427,CMP-007
LD-03427,CMP-001
LD-03435,CMP-018
LD-03435,CMP-026
LD-03436,CMP-021
LD-03437,CMP-009
LD-03437,CMP-026
LD-03438,CMP-017
LD-03441,CMP-011
LD-03441,CMP-013
LD-03444,CMP-007
LD-03450,CMP-005
LD-03450,CMP-021
LD-03452,CMP-015
LD-03452,CMP-026
LD-03453,CMP-027
LD-03458,CMP-026
LD-03461,CMP-009
LD-03462,CMP-013
LD-03462,CMP-021
LD-03464,CMP-006
LD-03470,CMP-003
LD-03470,CMP-016
LD-03478,CMP-030
LD-03479,CMP-026
LD-03485,CMP-005
LD-03485,CMP-025
LD-03487,CMP-007
LD-03489,CMP-001
LD-03491,CMP-011
LD-03493,CMP-001
LD-03499,CMP-025
LD-03499,CMP-015
LD-03513,CMP-020
LD-03513,CMP-029
LD-03520,CMP-013
LD-03522,CMP-020
LD-03522,CMP-012
LD-03523,CMP-023
LD-03526,CMP-019
LD-03526,CMP-005
LD-03529,CMP-015
LD-03531,CMP-016
LD-03531,CMP-008
LD-03535,CMP-013
LD-03535,CMP-006
LD-03539,CMP-016
LD-03539,CMP-001
LD-03540,CMP-012
LD-03542,CMP-025
LD-03542,CMP-012
LD-03544,CMP-013
LD-03549,CMP-013
LD-03549,CMP-019
LD-03550,CMP-018
LD-03553,CMP-027
LD-03561,CMP-004
LD-03561,CMP-019
LD-03563,CMP-027
LD-03565,CMP-003
LD-03565,CMP-020
LD-03566,CMP-011
LD-03574,CMP-022
LD-03575,CMP-013
LD-03579,CMP-019
LD-03579,CMP-026
LD-03581,CMP-023
LD-03581,CMP-030
LD-03584,CMP-028
LD-03585,CMP-002
LD-03588,CMP-004
LD-03588,CMP-028
LD-03590,CMP-023
LD-03594,CMP-018
LD-03594,CMP-007
LD-03597,CMP-027
LD-03597,CMP-030
LD-03602,CMP-003
LD-03608,CMP-021
LD-03621,CMP-028
LD-03624,CMP-002
LD-03624,CMP-019
LD-03626,CMP-023
LD-03626,CMP-003
LD-03627,CMP-015
LD-03640,CMP-016
LD-03648,CMP-024
LD-03650,CMP-019
LD-03650,CMP-006
LD-03655,CMP-003
LD-03656,CMP-028
LD-03668,CMP-016
LD-03671,CMP-005
LD-03674,CMP-025
LD-03674,CMP-013
LD-03681,CMP-002
LD-03682,CMP-016
LD-03683,CMP-013
LD-03687,CMP-001
LD-03687,CMP-010
LD-03703,CMP-015
LD-03703,CMP-025
LD-03705,CMP-017
LD-03706,CMP-011
LD-03710,CMP-017
LD-03711,CMP-012
LD-03711,CMP-008
LD-03714,CMP-002
LD-03725,CMP-029
LD-03726,CMP-009
LD-03734,CMP-009
LD-03734,CMP-006
LD-03737,CMP-011
LD-03740,CMP-015
LD-03741,CMP-020
LD-03744,CMP-007
LD-03744,CMP-020
LD-03752,CMP-005
LD-03752,CMP-021
LD-03753,CMP-022
LD-03758,CMP-016
LD-03764,CMP-004
LD-03772,CMP-003
LD-03780,CMP-029
LD-03780,CMP-004
LD-03783,CMP-024
LD-03784,CMP-007
LD-03785,CMP-016
LD-03793,CMP-002
LD-03793,CMP-011
LD-03795,CMP-007
LD-03801,CMP-030
LD-03802,CMP-016
LD-03806,CMP-001
LD-03807,CMP-029
LD-03808,CMP-015
LD-03812,CMP-016
LD-03815,CMP-014
LD-03822,CMP-027
LD-03822,CMP-026
LD-03824,CMP-011
LD-03825,CMP-005
LD-03827,CMP-018
LD-03827,CMP-006
LD-03835,CMP-003
LD-03835,CMP-001
LD-03836,CMP-023
LD-03837,CMP-014
LD-03837,CMP-023
LD-03844,CMP-020
LD-03845,CMP-023
LD-03851,CMP-007
LD-03854,CMP-028
LD-03854,CMP-025
LD-03859,CMP-007
LD-03861,CMP-016
LD-03862,CMP-002
LD-03863,CMP-007
LD-03863,CMP-014
LD-03869,CMP-006
LD-03881,CMP-008
LD-03884,CMP-003
LD-03893,CMP-009
LD-03893,CMP-007
LD-03895,CMP-009
LD-03896,CMP-015
LD-03896,CMP-014
LD-03897,CMP-008
LD-03897,CMP-029
LD-03899,CMP-019
LD-03902,CMP-028
LD-03905,CMP-001
LD-03905,CMP-024
LD-03909,CMP-029
LD-03915,CMP-024
LD-03917,CMP-016
LD-03919,CMP-015
LD-03929,CMP-006
LD-03931,CMP-015
LD-03933,CMP-006
LD-03933,CMP-026
LD-03937,CMP-013
LD-03938,CMP-017
LD-03938,CMP-002
LD-03939,CMP-023
LD-03939,CMP-020
LD-03941,CMP-020
LD-03943,CMP-017
LD-03946,CMP-013
LD-03950,CMP-018
LD-03954,CMP-021
LD-03956,CMP-025
LD-03963,CMP-015
LD-03964,CMP-016
LD-03974,CMP-003
LD-03974,CMP-013
LD-03976,CMP-004
LD-03977,CMP-023
LD-03978,CMP-028
LD-03981,CMP-022
LD-03982,CMP-016
LD-03985,CMP-007
LD-03985,CMP-003
LD-03986,CMP-027
LD-03992,CMP-015
LD-03992,CMP-010
LD-03995,CMP-008
LD-03995,CMP-016
LD-03998,CMP-012
LD-04006,CMP-006
LD-04008,CMP-019
LD-04009,CMP-012
LD-04009,CMP-006
LD-04018,CMP-013
LD-04023,CMP-021
LD-04030,CMP-011
LD-04034,CMP-010
LD-04035,CMP-015
LD-04039,CMP-026
LD-04042,CMP-022
LD-04044,CMP-007
LD-04045,CMP-030
LD-04051,CMP-012
LD-04057,CMP-026
LD-04057,CMP-015
LD-04061,CMP-005
LD-04061,CMP-027
LD-04063,CMP-010
LD-04070,CMP-021
LD-04071,CMP-006
LD-04071,CMP-018
LD-04072,CMP-007
LD-04073,CMP-010
LD-04073,CMP-018
LD-04074,CMP-027
LD-04074,CMP-019
LD-04078,CMP-005
LD-04084,CMP-006
LD-04084,CMP-016
LD-04087,CMP-016
LD-04087,CMP-003
LD-04093,CMP-012
LD-04094,CMP-028
LD-04097,CMP-029
LD-04100,CMP-014
LD-04100,CMP-021
LD-04111,CMP-027
LD-04111,CMP-028
LD-04113,CMP-004
LD-04113,CMP-018
LD-04116,CMP-012
LD-04120,CMP-005
LD-04127,CMP-014
LD-04129,CMP-030
LD-04130,CMP-010
LD-04133,CMP-006
LD-04133,CMP-023
LD-04135,CMP-008
LD-04136,CMP-023
LD-04140,CMP-003
LD-04141,CMP-025
LD-04142,CMP-004
LD-04147,CMP-003
LD-04149,CMP-026
LD-04155,CMP-028
LD-04164,CMP-017
LD-04171,CMP-030
LD-04178,CMP-013
LD-04178,CMP-014
LD-04179,CMP-014
LD-04180,CMP-004
LD-04187,CMP-004
LD-04188,CMP-020
LD-04188,CMP-024
LD-04189,CMP-008
LD-04189,CMP-018
LD-04198,CMP-022
LD-04199,CMP-017
LD-04199,CMP-022
LD-04201,CMP-013
LD-04206,CMP-007
LD-04206,CMP-011
LD-04215,CMP-012
LD-04215,CMP-016
LD-04216,CMP-016
LD-04216,CMP-017
LD-04217,CMP-004
LD-04217,CMP-009
LD-04220,CMP-004
LD-04223,CMP-006
LD-04224,CMP-005
LD-04224,CMP-010
LD-04230,CMP-010
LD-04234,CMP-025
LD-04239,CMP-015
LD-04239,CMP-002
LD-04240,CMP-029
LD-04246,CMP-022
LD-04249,CMP-017
LD-04250,CMP-016
LD-04255,CMP-001
LD-04260,CMP-013
LD-04260,CMP-004
LD-04264,CMP-008
LD-04265,CMP-019
LD-04265,CMP-003
LD-04269,CMP-018
LD-04270,CMP-022
LD-04270,CMP-028
LD-04273,CMP-023
LD-04275,CMP-013
LD-04277,CMP-026
LD-04284,CMP-012
LD-04289,CMP-010
LD-04291,CMP-026
LD-04291,CMP-008
LD-04297,CMP-014
LD-04297,CMP-007
LD-04299,CMP-017
LD-04308,CMP-021
LD-04312,CMP-009
LD-04312,CMP-030
LD-04313,CMP-030
LD-04313,CMP-019
LD-04314,CMP-017
LD-04315,CMP-005
LD-04315,CMP-008
LD-04316,CMP-028
LD-04316,CMP-014
LD-04324,CMP-013
LD-04327,CMP-015
LD-04332,CMP-005
LD-04332,CMP-001
LD-04333,CMP-022
LD-04333,CMP-018
LD-04334,CMP-024
LD-04336,CMP-011
LD-04341,CMP-013
LD-04345,CMP-017
LD-04351,CMP-025
LD-04359,CMP-007
LD-04361,CMP-028
LD-04361,CMP-019
LD-04362,CMP-023
LD-04362,CMP-004
LD-04363,CMP-016
LD-04363,CMP-022
LD-04367,CMP-023
LD-04368,CMP-001
LD-04368,CMP-021
LD-04376,CMP-010
LD-04376,CMP-021
LD-04379,CMP-018
LD-04381,CMP-001
LD-04381,CMP-030
LD-04384,CMP-003
LD-04384,CMP-030
LD-04392,CMP-026
LD-04392,CMP-002
LD-04398,CMP-023
LD-04398,CMP-014
LD-04399,CMP-027
LD-04402,CMP-020
LD-04409,CMP-026
LD-04409,CMP-021
LD-04414,CMP-008
LD-04420,CMP-015
LD-04420,CMP-016
LD-04423,CMP-026
LD-04423,CMP-010
LD-04429,CMP-001
LD-04432,CMP-030
LD-04433,CMP-007
LD-04433,CMP-009
LD-04438,CMP-012
LD-04441,CMP-025
LD-04443,CMP-004
LD-04443,CMP-008
LD-04450,CMP-020
LD-04457,CMP-008
LD-04461,CMP-003
LD-04461,CMP-001
LD-04466,CMP-023
LD-04466,CMP-014
LD-04469,CMP-002
LD-04470,CMP-016
LD-04471,CMP-001
LD-04474,CMP-022
LD-04474,CMP-012
LD-04475,CMP-019
LD-04476,CMP-017
LD-04481,CMP-005
LD-04481,CMP-009
LD-04483,CMP-016
LD-04488,CMP-020
LD-04488,CMP-027
LD-04492,CMP-024
LD-04492,CMP-016
LD-04494,CMP-002
LD-04494,CMP-007
LD-04497,CMP-006
LD-04497,CMP-023
LD-04506,CMP-004
LD-04507,CMP-028
LD-04508,CMP-024
LD-04522,CMP-013
LD-04523,CMP-027
LD-04525,CMP-027
LD-04528,CMP-020
LD-04528,CMP-022
LD-04529,CMP-021
LD-04535,CMP-007
LD-04540,CMP-003
LD-04540,CMP-013
LD-04545,CMP-006
LD-04550,CMP-016
LD-04550,CMP-026
LD-04553,CMP-012
LD-04565,CMP-003
LD-04565,CMP-002
LD-04576,CMP-010
LD-04580,CMP-010
LD-04580,CMP-019
LD-04581,CMP-030
LD-04582,CMP-017
LD-04584,CMP-012
LD-04584,CMP-009
LD-04587,CMP-006
LD-04588,CMP-002
LD-04588,CMP-003
LD-04590,CMP-019
LD-04590,CMP-024
LD-04594,CMP-007
LD-04597,CMP-014
LD-04599,CMP-001
LD-04603,CMP-010
LD-04603,CMP-020
LD-04611,CMP-004
LD-04615,CMP-021
LD-04615,CMP-005
LD-04620,CMP-025
LD-04620,CMP-015
LD-04622,CMP-006
LD-04627,CMP-019
LD-04627,CMP-008
LD-04631,CMP-004
LD-04651,CMP-029
LD-04651,CMP-016
LD-04659,CMP-008
LD-04659,CMP-017
LD-04666,CMP-024
LD-04666,CMP-023
LD-04671,CMP-026
LD-04671,CMP-028
LD-04675,CMP-005
LD-04675,CMP-006
LD-04676,CMP-004
LD-04676,CMP-026
LD-04681,CMP-012
LD-04687,CMP-011
LD-04688,CMP-004
LD-04692,CMP-025
LD-04695,CMP-023
LD-04696,CMP-026
LD-04696,CMP-015
LD-04701,CMP-027
LD-04702,CMP-006
LD-04706,CMP-023
LD-04706,CMP-015
LD-04708,CMP-005
LD-04711,CMP-015
LD-04713,CMP-008
LD-04719,CMP-012
LD-04719,CMP-021
LD-04721,CMP-026
LD-04725,CMP-028
LD-04725,CMP-017
LD-04728,CMP-025
LD-04729,CMP-003
LD-04731,CMP-014
LD-04732,CMP-022
LD-04734,CMP-021
LD-04737,CMP-014
LD-04737,CMP-013
LD-04743,CMP-029
LD-04743,CMP-017
LD-04750,CMP-023
LD-04750,CMP-012
LD-04754,CMP-003
LD-04754,CMP-002
LD-04763,CMP-025
LD-04763,CMP-021
LD-04765,CMP-008
LD-04774,CMP-015
LD-04775,CMP-015
LD-04781,CMP-012
LD-04786,CMP-017
LD-04786,CMP-024
LD-04790,CMP-015
LD-04790,CMP-004
LD-04791,CMP-027
LD-04791,CMP-014
LD-04792,CMP-014
LD-04794,CMP-003
LD-04794,CMP-012
LD-04799,CMP-021
LD-04799,CMP-014
LD-04803,CMP-027
LD-04803,CMP-006
LD-04804,CMP-016
LD-04807,CMP-023
LD-04810,CMP-030
LD-04810,CMP-004
LD-04813,CMP-002
LD-04815,CMP-012
LD-04817,CMP-005
LD-04821,CMP-007
LD-04821,CMP-006
LD-04824,CMP-003
LD-04838,CMP-003
LD-04838,CMP-026
LD-04842,CMP-018
LD-04842,CMP-002
LD-04847,CMP-019
LD-04848,CMP-018
LD-04848,CMP-021
LD-04854,CMP-025
LD-04859,CMP-009
LD-04861,CMP-003
LD-04861,CMP-026
LD-04864,CMP-028
LD-04864,CMP-030
LD-04865,CMP-006
LD-04876,CMP-022
LD-04876,CMP-006
LD-04879,CMP-010
LD-04893,CMP-011
LD-04895,CMP-001
LD-04895,CMP-014
LD-04896,CMP-009
LD-04899,CMP-010
LD-04905,CMP-026
LD-04909,CMP-001
LD-04910,CMP-021
LD-04910,CMP-006
LD-04911,CMP-009
LD-04911,CMP-020
LD-04917,CMP-002
LD-04917,CMP-006
LD-04922,CMP-024
LD-04923,CMP-029
LD-04923,CMP-014
LD-04924,CMP-029
LD-04924,CMP-022
LD-04929,CMP-011
LD-04929,CMP-007
LD-04931,CMP-030
LD-04932,CMP-020
LD-04938,CMP-018
LD-04938,CMP-003
LD-04941,CMP-029
LD-04948,CMP-027
LD-04951,CMP-012
LD-04952,CMP-001
LD-04952,CMP-008
LD-04957,CMP-026
LD-04957,CMP-023
LD-04961,CMP-029
LD-04963,CMP-007
LD-04966,CMP-019
LD-04967,CMP-018
LD-04971,CMP-003
LD-04976,CMP-007
LD-04976,CMP-028
LD-04982,CMP-001
LD-04982,CMP-014
LD-04983,CMP-028
LD-04997,CMP-011
LD-04998,CMP-024
LD-05007,CMP-026
LD-05007,CMP-001
LD-05011,CMP-016
LD-05014,CMP-017
LD-05020,CMP-003
LD-05024,CMP-026
LD-05025,CMP-002
LD-05025,CMP-010
LD-05028,CMP-018
LD-05041,CMP-015
LD-05044,CMP-020
LD-05049,CMP-012
LD-05051,CMP-006
LD-05051,CMP-008
LD-05052,CMP-002
LD-05053,CMP-017
LD-05059,CMP-020
LD-05059,CMP-011
LD-05062,CMP-002
LD-05064,CMP-014
LD-05067,CMP-026
LD-05078,CMP-015
LD-05083,CMP-015
LD-05091,CMP-012
LD-05092,CMP-001
LD-05094,CMP-007
LD-05094,CMP-021
LD-05096,CMP-001
LD-05097,CMP-006
LD-05097,CMP-008
LD-05102,CMP-006
LD-05105,CMP-013
LD-05113,CMP-029
LD-05120,CMP-020
LD-05120,CMP-014
LD-05123,CMP-028
LD-05127,CMP-028
LD-05128,CMP-007
LD-05128,CMP-024
LD-05136,CMP-017
LD-05136,CMP-015
LD-05137,CMP-017
LD-05137,CMP-023
LD-05146,CMP-028
LD-05146,CMP-008
LD-05148,CMP-019
LD-05148,CMP-006
LD-05150,CMP-005
LD-05152,CMP-008
LD-05152,CMP-019
LD-05153,CMP-014
LD-05157,CMP-013
LD-05157,CMP-001
LD-05160,CMP-029
LD-05160,CMP-003
LD-05164,CMP-030
LD-05166,CMP-002
LD-05167,CMP-007
LD-05167,CMP-022
LD-05168,CMP-024
LD-05168,CMP-027
LD-05173,CMP-001
LD-05178,CMP-016
LD-05184,CMP-016
LD-05185,CMP-024
LD-05185,CMP-027
LD-05194,CMP-005
LD-05194,CMP-019
LD-05196,CMP-016
LD-05197,CMP-011
LD-05197,CMP-008
LD-05203,CMP-019
LD-05206,CMP-019
LD-05206,CMP-021
LD-05213,CMP-007
LD-05221,CMP-001
LD-05223,CMP-010
LD-05224,CMP-022
LD-05224,CMP-017
LD-05225,CMP-012
LD-05227,CMP-013
LD-05228,CMP-005
LD-05231,CMP-005
LD-05238,CMP-017
LD-05241,CMP-015
LD-05242,CMP-020
LD-05243,CMP-030
LD-05243,CMP-019
LD-05244,CMP-015
LD-05244,CMP-019
LD-05245,CMP-010
LD-05247,CMP-023
LD-05247,CMP-027
LD-05249,CMP-014
LD-05250,CMP-015
LD-05250,CMP-013
LD-05251,CMP-023
LD-05259,CMP-023
LD-05265,CMP-003
LD-05265,CMP-025
LD-05266,CMP-014
LD-05268,CMP-015
LD-05269,CMP-013
LD-05270,CMP-028
LD-05270,CMP-007
LD-05272,CMP-023
LD-05277,CMP-023
LD-05279,CMP-027
LD-05279,CMP-006
LD-05280,CMP-020
LD-05281,CMP-004
LD-05282,CMP-006
LD-05282,CMP-003
LD-05284,CMP-005
LD-05286,CMP-029
LD-05287,CMP-015
LD-05293,CMP-023
LD-05293,CMP-010
LD-05294,CMP-002
LD-05296,CMP-012
LD-05299,CMP-001
LD-05304,CMP-024
LD-05305,CMP-017
LD-05310,CMP-014
LD-05310,CMP-004
LD-05314,CMP-001
LD-05314,CMP-013
LD-05317,CMP-021
LD-05317,CMP-020
LD-05319,CMP-014
LD-05320,CMP-004
LD-05320,CMP-023
LD-05323,CMP-009
LD-05340,CMP-017
LD-05348,CMP-002
LD-05352,CMP-008
LD-05357,CMP-011
LD-05357,CMP-021
LD-05359,CMP-021
LD-05362,CMP-011
LD-05362,CMP-008
LD-05364,CMP-026
LD-05371,CMP-003
LD-05373,CMP-007
LD-05374,CMP-019
LD-05388,CMP-003
LD-05388,CMP-012
LD-05393,CMP-027
LD-05395,CMP-014
LD-05395,CMP-028
LD-05396,CMP-020
LD-05396,CMP-018
LD-05397,CMP-009
LD-05399,CMP-013
LD-05399,CMP-018
LD-05401,CMP-023
LD-05404,CMP-028
LD-05405,CMP-016
LD-05405,CMP-013
LD-05409,CMP-010
LD-05409,CMP-021
LD-05416,CMP-009
LD-05417,CMP-017
LD-05417,CMP-023
LD-05418,CMP-023
LD-05418,CMP-002
LD-05421,CMP-016
LD-05423,CMP-023
LD-05424,CMP-009
LD-05427,CMP-020
LD-05430,CMP-025
LD-05440,CMP-017
LD-05440,CMP-018
LD-05451,CMP-030
LD-05454,CMP-027
LD-05464,CMP-006
LD-05466,CMP-006
LD-05472,CMP-021
LD-05472,CMP-030
LD-05473,CMP-003
LD-05481,CMP-009
LD-05482,CMP-022
LD-05485,CMP-013
LD-05491,CMP-011
LD-05491,CMP-012
LD-05498,CMP-028
LD-05498,CMP-011
LD-05499,CMP-015
LD-05500,CMP-024
LD-05500,CMP-027
LD-05502,CMP-028
LD-05511,CMP-021
LD-05514,CMP-028
LD-05514,CMP-002
LD-05522,CMP-022
LD-05522,CMP-028
LD-05534,CMP-006
LD-05540,CMP-004
LD-05543,CMP-029
LD-05551,CMP-003
LD-05551,CMP-026
LD-05561,CMP-026
LD-05561,CMP-008
LD-05562,CMP-010
LD-05563,CMP-011
LD-05565,CMP-019
LD-05570,CMP-019
LD-05574,CMP-026
LD-05574,CMP-022
LD-05580,CMP-011
LD-05581,CMP-027
LD-05583,CMP-020
LD-05586,CMP-020
LD-05587,CMP-009
LD-05596,CMP-028
LD-05600,CMP-028
LD-05601,CMP-010
LD-05601,CMP-027
LD-05616,CMP-011
LD-05623,CMP-015
LD-05626,CMP-026
LD-05629,CMP-022
LD-05630,CMP-013
LD-05637,CMP-004
LD-05644,CMP-013
LD-05645,CMP-021
LD-05656,CMP-003
LD-05658,CMP-001
LD-05663,CMP-013
LD-05664,CMP-010
LD-05664,CMP-019
LD-05665,CMP-003
LD-05668,CMP-027
LD-05668,CMP-023
LD-05669,CMP-003
LD-05674,CMP-022
LD-05677,CMP-001
LD-05679,CMP-002
LD-05681,CMP-003
LD-05684,CMP-017
LD-05687,CMP-008
LD-05688,CMP-022
LD-05688,CMP-018
LD-05696,CMP-022
LD-05699,CMP-028
LD-05699,CMP-027
LD-05704,CMP-003
LD-05704,CMP-018
LD-05705,CMP-021
LD-05705,CMP-029
LD-05706,CMP-003
LD-05706,CMP-009
LD-05708,CMP-018
LD-05712,CMP-023
LD-05714,CMP-014
LD-05718,CMP-003
LD-05719,CMP-022
LD-05728,CMP-008
LD-05728,CMP-013
LD-05730,CMP-006
LD-05737,CMP-018
LD-05737,CMP-009
LD-05747,CMP-016
LD-05747,CMP-019
LD-05749,CMP-022
LD-05750,CMP-019
LD-05752,CMP-023
LD-05753,CMP-023
LD-05753,CMP-015
LD-05754,CMP-026
LD-05754,CMP-015
LD-05763,CMP-025
LD-05763,CMP-011
LD-05768,CMP-003
LD-05776,CMP-016
LD-05776,CMP-017
LD-05778,CMP-013
LD-05779,CMP-030
LD-05781,CMP-023
LD-05783,CMP-020
LD-05785,CMP-006
LD-05786,CMP-017
LD-05790,CMP-011
LD-05792,CMP-010
LD-05801,CMP-030
LD-05809,CMP-013
LD-05815,CMP-030
LD-05817,CMP-008
LD-05819,CMP-014
LD-05819,CMP-029
LD-05825,CMP-024
LD-05825,CMP-014
LD-05826,CMP-004
LD-05828,CMP-014
LD-05848,CMP-005
LD-05849,CMP-025
LD-05850,CMP-022
LD-05854,CMP-010
LD-05854,CMP-016
LD-05855,CMP-008
LD-05855,CMP-020
LD-05873,CMP-013
LD-05874,CMP-030
LD-05876,CMP-003
LD-05879,CMP-008
LD-05885,CMP-012
LD-05885,CMP-023
LD-05895,CMP-009
LD-05898,CMP-022
LD-05899,CMP-011
LD-05903,CMP-008
LD-05903,CMP-021
LD-05905,CMP-029
LD-05908,CMP-019
LD-05913,CMP-003
LD-05920,CMP-007
LD-05921,CMP-029
LD-05921,CMP-025
LD-05933,CMP-023
LD-05935,CMP-026
LD-05940,CMP-006
LD-05945,CMP-006
LD-05946,CMP-019
LD-05953,CMP-010
LD-05957,CMP-010
LD-05958,CMP-029
LD-05959,CMP-009
LD-05961,CMP-027
LD-05963,CMP-021
LD-05966,CMP-024
LD-05972,CMP-008
LD-05974,CMP-001
LD-05974,CMP-018
LD-05979,CMP-021
LD-05979,CMP-009
LD-05980,CMP-027
LD-05987,CMP-012
LD-05987,CMP-005
LD-05989,CMP-015
LD-05992,CMP-024
LD-05992,CMP-006
LD-05994,CMP-029
LD-05998,CMP-014
LD-06000,CMP-004
LD-06000,CMP-024
LD-06006,CMP-025
LD-06015,CMP-018
LD-06021,CMP-027
LD-06021,CMP-006
LD-06022,CMP-005
LD-06022,CMP-008
LD-06024,CMP-001
LD-06030,CMP-001
LD-06034,CMP-022
LD-06034,CMP-029
LD-06039,CMP-012
LD-06039,CMP-003
LD-06046,CMP-020
LD-06046,CMP-006
LD-06059,CMP-028
LD-06067,CMP-004
LD-06071,CMP-006
LD-06072,CMP-011
LD-06072,CMP-016
LD-06077,CMP-013
LD-06078,CMP-018
LD-06078,CMP-016
LD-06089,CMP-012
LD-06093,CMP-012
LD-06094,CMP-010
LD-06101,CMP-004
LD-06103,CMP-024
LD-06103,CMP-001
LD-06104,CMP-012
LD-06104,CMP-002
LD-06105,CMP-016
LD-06106,CMP-001
LD-06108,CMP-003
LD-06109,CMP-005
LD-06112,CMP-016
LD-06123,CMP-022
LD-06127,CMP-023
LD-06127,CMP-008
LD-06128,CMP-009
LD-06140,CMP-016
LD-06140,CMP-011
LD-06142,CMP-006
LD-06142,CMP-002
LD-06143,CMP-007
LD-06143,CMP-009
LD-06144,CMP-012
LD-06147,CMP-006
LD-06155,CMP-003
LD-06155,CMP-019
LD-06157,CMP-002
LD-06157,CMP-011
LD-06158,CMP-001
LD-06158,CMP-012
LD-06163,CMP-005
LD-06163,CMP-023
LD-06166,CMP-017
LD-06168,CMP-016
LD-06172,CMP-003
LD-06172,CMP-029
LD-06178,CMP-017
LD-06186,CMP-002
LD-06186,CMP-029
LD-06189,CMP-005
LD-06193,CMP-018
LD-06199,CMP-006
LD-06199,CMP-003
LD-06203,CMP-009
LD-06218,CMP-012
LD-06218,CMP-003
LD-06227,CMP-005
LD-06229,CMP-019
LD-06234,CMP-015
LD-06251,CMP-016
LD-06252,CMP-011
LD-06256,CMP-026
LD-06256,CMP-014
LD-06258,CMP-028
LD-06259,CMP-009
LD-06261,CMP-003
LD-06264,CMP-028
LD-06264,CMP-014
LD-06265,CMP-006
LD-06265,CMP-027
LD-06266,CMP-011
LD-06283,CMP-011
LD-06286,CMP-001
LD-06286,CMP-005
LD-06293,CMP-015
LD-06294,CMP-021
LD-06297,CMP-024
LD-06300,CMP-020
LD-06301,CMP-007
LD-06301,CMP-022
LD-06302,CMP-012
LD-06304,CMP-017
LD-06305,CMP-023
LD-06309,CMP-017
LD-06309,CMP-025
LD-06315,CMP-013
LD-06315,CMP-010
LD-06317,CMP-021
LD-06317,CMP-010
LD-06321,CMP-026
LD-06323,CMP-020
LD-06327,CMP-021
LD-06330,CMP-028
LD-06335,CMP-004
LD-06335,CMP-012
LD-06340,CMP-001
LD-06340,CMP-012
LD-06343,CMP-010
LD-06343,CMP-027
LD-06344,CMP-022
LD-06344,CMP-008
LD-06345,CMP-002
LD-06346,CMP-026
LD-06351,CMP-008
LD-06351,CMP-018
LD-06353,CMP-027
LD-06353,CMP-002
LD-06354,CMP-005
LD-06354,CMP-021
LD-06359,CMP-004
LD-06360,CMP-017
LD-06361,CMP-027
LD-06362,CMP-027
LD-06362,CMP-018
LD-06363,CMP-007
LD-06365,CMP-021
LD-06367,CMP-019
LD-06373,CMP-021
LD-06377,CMP-025
LD-06377,CMP-009
LD-06378,CMP-003
LD-06378,CMP-030
LD-06380,CMP-004
LD-06384,CMP-003
LD-06385,CMP-030
LD-06388,CMP-014
LD-06391,CMP-013
LD-06391,CMP-029
LD-06395,CMP-029
LD-06399,CMP-012
LD-06399,CMP-016
LD-06401,CMP-006
LD-06409,CMP-004
LD-06409,CMP-029
LD-06411,CMP-003
LD-06415,CMP-012
LD-06425,CMP-013
LD-06425,CMP-004
LD-06426,CMP-006
LD-06426,CMP-026
LD-06434,CMP-014
LD-06436,CMP-015
LD-06437,CMP-017
LD-06445,CMP-014
LD-06447,CMP-007
LD-06449,CMP-004
LD-06449,CMP-001
LD-06451,CMP-007
LD-06451,CMP-015
LD-06454,CMP-013
LD-06456,CMP-004
LD-06461,CMP-022
LD-06461,CMP-025
LD-06465,CMP-016
LD-06466,CMP-014
LD-06467,CMP-006
LD-06470,CMP-010
LD-06471,CMP-030
LD-06472,CMP-027
LD-06474,CMP-011
LD-06477,CMP-024
LD-06478,CMP-025
LD-06478,CMP-012
LD-06488,CMP-020
LD-06488,CMP-004
LD-06489,CMP-027
LD-06490,CMP-011
LD-06493,CMP-007
LD-06494,CMP-027
LD-06494,CMP-029
LD-06496,CMP-009
LD-06497,CMP-004
LD-06498,CMP-003
LD-06499,CMP-009
LD-06499,CMP-023
LD-06500,CMP-019
LD-06502,CMP-025
LD-06503,CMP-021
LD-06503,CMP-015
LD-06506,CMP-022
LD-06506,CMP-016
LD-06510,CMP-025
LD-06510,CMP-010
LD-06516,CMP-003
LD-06518,CMP-022
LD-06522,CMP-027
LD-06525,CMP-023
LD-06525,CMP-015
LD-06529,CMP-013
LD-06529,CMP-015
LD-06535,CMP-028
LD-06537,CMP-029
LD-06537,CMP-004
LD-06542,CMP-012
LD-06543,CMP-012
LD-06564,CMP-019
LD-06566,CMP-009
LD-06571,CMP-016
LD-06578,CMP-024
LD-06583,CMP-011
LD-06584,CMP-001
LD-06587,CMP-029
LD-06588,CMP-020
LD-06591,CMP-016
LD-06592,CMP-019
LD-06594,CMP-017
LD-06598,CMP-015
LD-06598,CMP-016
LD-06604,CMP-010
LD-06606,CMP-004
LD-06606,CMP-009
LD-06609,CMP-028
LD-06609,CMP-008
LD-06611,CMP-001
LD-06613,CMP-012
LD-06613,CMP-007
LD-06632,CMP-027
LD-06634,CMP-019
LD-06634,CMP-026
LD-06636,CMP-016
LD-06638,CMP-017
LD-06643,CMP-001
LD-06643,CMP-015
LD-06644,CMP-027
LD-06646,CMP-001
LD-06648,CMP-002
LD-06655,CMP-023
LD-06678,CMP-010
LD-06679,CMP-019
LD-06679,CMP-030
LD-06685,CMP-023
LD-06685,CMP-011
LD-06687,CMP-015
LD-06687,CMP-012
LD-06690,CMP-030
LD-06696,CMP-019
LD-06698,CMP-002
LD-06702,CMP-027
LD-06702,CMP-002
LD-06703,CMP-027
LD-06703,CMP-021
LD-06704,CMP-027
LD-06712,CMP-017
LD-06715,CMP-029
LD-06721,CMP-020
LD-06724,CMP-017
LD-06725,CMP-004
LD-06728,CMP-030
LD-06740,CMP-005
LD-06743,CMP-016
LD-06752,CMP-005
LD-06752,CMP-001
LD-06757,CMP-002
LD-06760,CMP-009
LD-06761,CMP-012
LD-06765,CMP-017
LD-06765,CMP-003
LD-06766,CMP-012
LD-06775,CMP-013
LD-06775,CMP-016
LD-06781,CMP-019
LD-06781,CMP-012
LD-06782,CMP-003
LD-06782,CMP-002
LD-06783,CMP-008
LD-06784,CMP-016
LD-06787,CMP-004
LD-06790,CMP-030
LD-06790,CMP-003
LD-06791,CMP-004
LD-06792,CMP-015
LD-06794,CMP-030
LD-06795,CMP-023
LD-06797,CMP-007
LD-06800,CMP-024
LD-06802,CMP-003
LD-06807,CMP-012
LD-06810,CMP-006
LD-06810,CMP-022
LD-06827,CMP-004
LD-06827,CMP-016
LD-06830,CMP-027
LD-06831,CMP-013
LD-06831,CMP-023
LD-06832,CMP-010
LD-06833,CMP-028
LD-06836,CMP-018
LD-06837,CMP-019
LD-06838,CMP-021
LD-06838,CMP-001
LD-06839,CMP-009
LD-06839,CMP-007
LD-06845,CMP-008
LD-06846,CMP-012
LD-06848,CMP-029
LD-06850,CMP-024
LD-06850,CMP-002
LD-06856,CMP-001
LD-06858,CMP-018
LD-06862,CMP-002
LD-06868,CMP-029
LD-06871,CMP-014
LD-06871,CMP-030
LD-06872,CMP-003
LD-06878,CMP-028
LD-06881,CMP-015
LD-06883,CMP-020
LD-06890,CMP-018
LD-06896,CMP-012
LD-06896,CMP-025
LD-06898,CMP-017
LD-06901,CMP-002
LD-06906,CMP-027
LD-06913,CMP-023
LD-06917,CMP-009
LD-06919,CMP-002
LD-06920,CMP-016
LD-06920,CMP-001
LD-06923,CMP-013
LD-06924,CMP-018
LD-06924,CMP-002
LD-06926,CMP-030
LD-06927,CMP-030
LD-06932,CMP-028
LD-06932,CMP-014
LD-06944,CMP-006
LD-06944,CMP-013
LD-06957,CMP-022
LD-06957,CMP-009
LD-06963,CMP-028
LD-06963,CMP-006
LD-06965,CMP-015
LD-06979,CMP-005
LD-06979,CMP-008
LD-06980,CMP-028
LD-06984,CMP-019
LD-06985,CMP-002
LD-06989,CMP-018
LD-06989,CMP-023
LD-06990,CMP-012
LD-06991,CMP-004
LD-06991,CMP-017
LD-06992,CMP-011
LD-06996,CMP-029
LD-06997,CMP-011
LD-07003,CMP-020
LD-07003,CMP-001
LD-07005,CMP-030
LD-07014,CMP-027
LD-07014,CMP-019
LD-07015,CMP-013
LD-07025,CMP-028
LD-07030,CMP-009
LD-07030,CMP-007
LD-07032,CMP-011
LD-07035,CMP-011
LD-07035,CMP-024
LD-07041,CMP-030
LD-07043,CMP-015
LD-07048,CMP-025
LD-07051,CMP-026
LD-07051,CMP-010
LD-07053,CMP-014
LD-07053,CMP-017
LD-07060,CMP-014
LD-07061,CMP-024
LD-07061,CMP-004
LD-07062,CMP-027
LD-07076,CMP-024
LD-07077,CMP-015
LD-07084,CMP-005
LD-07089,CMP-006
LD-07089,CMP-017
LD-07093,CMP-011
LD-07093,CMP-002
LD-07097,CMP-010
LD-07097,CMP-011
LD-07099,CMP-002
LD-07103,CMP-019
LD-07103,CMP-029
LD-07104,CMP-012
LD-07106,CMP-016
LD-07115,CMP-018
LD-07116,CMP-001
LD-07118,CMP-001
LD-07119,CMP-012
LD-07120,CMP-024
LD-07120,CMP-015
LD-07123,CMP-023
LD-07125,CMP-029
LD-07125,CMP-014
LD-07127,CMP-009
LD-07129,CMP-026
LD-07130,CMP-024
LD-07131,CMP-017
LD-07135,CMP-023
LD-07137,CMP-014
LD-07138,CMP-007
LD-07140,CMP-021
LD-07151,CMP-017
LD-07153,CMP-014
LD-07154,CMP-023
LD-07162,CMP-029
LD-07172,CMP-014
LD-07174,CMP-004
LD-07174,CMP-006
LD-07175,CMP-022
LD-07175,CMP-004
LD-07178,CMP-027
LD-07182,CMP-009
LD-07182,CMP-017
LD-07193,CMP-024
LD-07195,CMP-010
LD-07200,CMP-020
LD-07203,CMP-026
LD-07206,CMP-025
LD-07206,CMP-018
LD-07207,CMP-017
LD-07216,CMP-007
LD-07216,CMP-018
LD-07219,CMP-025
LD-07228,CMP-024
LD-07228,CMP-004
LD-07229,CMP-021
LD-07229,CMP-013
LD-07233,CMP-017
LD-07234,CMP-001
LD-07234,CMP-024
LD-07235,CMP-004
LD-07241,CMP-010
LD-07242,CMP-004
LD-07246,CMP-008
LD-07248,CMP-010
LD-07248,CMP-030
LD-07257,CMP-013
LD-07262,CMP-026
LD-07264,CMP-007
LD-07275,CMP-024
LD-07275,CMP-011
LD-07277,CMP-028
LD-07278,CMP-025
LD-07285,CMP-030
LD-07292,CMP-028
LD-07292,CMP-004
LD-07293,CMP-016
LD-07294,CMP-005
LD-07296,CMP-001
LD-07296,CMP-010
LD-07297,CMP-024
LD-07301,CMP-019
LD-07301,CMP-021
LD-07302,CMP-017
LD-07303,CMP-017
LD-07303,CMP-020
LD-07310,CMP-001
LD-07311,CMP-005
LD-07314,CMP-007
LD-07315,CMP-011
LD-07315,CMP-004
LD-07319,CMP-012
LD-07320,CMP-009
LD-07324,CMP-020
LD-07324,CMP-025
LD-07325,CMP-018
LD-07325,CMP-021
LD-07327,CMP-004
LD-07331,CMP-011
LD-07331,CMP-019
LD-07332,CMP-026
LD-07332,CMP-024
LD-07340,CMP-005
LD-07341,CMP-011
LD-07342,CMP-005
LD-07348,CMP-013
LD-07350,CMP-010
LD-07350,CMP-027
LD-07363,CMP-021
LD-07363,CMP-012
LD-07364,CMP-028
LD-07369,CMP-013
LD-07370,CMP-007
LD-07373,CMP-011
LD-07373,CMP-004
LD-07377,CMP-002
LD-07380,CMP-009
LD-07380,CMP-021
LD-07381,CMP-028
LD-07386,CMP-002
LD-07391,CMP-003
LD-07393,CMP-015
LD-07395,CMP-028
LD-07398,CMP-011
LD-07400,CMP-029
LD-07400,CMP-023
LD-07401,CMP-017
LD-07401,CMP-001
LD-07407,CMP-024
LD-07409,CMP-009
LD-07414,CMP-010
LD-07417,CMP-019
LD-07419,CMP-006
LD-07431,CMP-024
LD-07433,CMP-013
LD-07435,CMP-019
LD-07440,CMP-009
LD-07440,CMP-023
LD-07442,CMP-019
LD-07448,CMP-005
LD-07448,CMP-018
LD-07451,CMP-007
LD-07451,CMP-011
LD-07456,CMP-009
LD-07459,CMP-016
LD-07465,CMP-021
LD-07468,CMP-011
LD-07471,CMP-010
LD-07471,CMP-006
LD-07474,CMP-019
LD-07477,CMP-009
LD-07480,CMP-010
LD-07480,CMP-002
LD-07490,CMP-030
LD-07496,CMP-005
LD-07499,CMP-010
LD-07501,CMP-015
LD-07501,CMP-013
LD-07502,CMP-022
LD-07506,CMP-028
LD-07507,CMP-024
LD-07510,CMP-001
LD-07510,CMP-016
LD-07515,CMP-022
LD-07515,CMP-013
LD-07525,CMP-020
LD-07525,CMP-013
LD-07530,CMP-025
LD-07534,CMP-030
LD-07535,CMP-005
LD-07537,CMP-014
LD-07538,CMP-021
LD-07538,CMP-006
LD-07543,CMP-006
LD-07543,CMP-013
LD-07548,CMP-021
LD-07551,CMP-005
LD-07559,CMP-024
LD-07559,CMP-021
LD-07560,CMP-017
LD-07564,CMP-004
LD-07564,CMP-026
LD-07565,CMP-018
LD-07565,CMP-025
LD-07566,CMP-005
LD-07567,CMP-007
LD-07573,CMP-015
LD-07573,CMP-012
LD-07574,CMP-009
LD-07577,CMP-018
LD-07583,CMP-012
LD-07587,CMP-005
LD-07600,CMP-002
LD-07601,CMP-013
LD-07602,CMP-011
LD-07606,CMP-024
LD-07606,CMP-021
LD-07608,CMP-004
LD-07610,CMP-020
LD-07610,CMP-017
LD-07612,CMP-012
LD-07613,CMP-025
LD-07619,CMP-030
LD-07621,CMP-014
LD-07626,CMP-004
LD-07626,CMP-008
LD-07632,CMP-019
LD-07632,CMP-014
LD-07637,CMP-011
LD-07637,CMP-012
LD-07642,CMP-022
LD-07657,CMP-020
LD-07661,CMP-018
LD-07668,CMP-007
LD-07673,CMP-018
LD-07673,CMP-014
LD-07674,CMP-014
LD-07677,CMP-022
LD-07682,CMP-008
LD-07682,CMP-028
LD-07687,CMP-013
LD-07692,CMP-013
LD-07695,CMP-021
LD-07696,CMP-005
LD-07697,CMP-020
LD-07700,CMP-006
LD-07703,CMP-001
LD-07703,CMP-024
LD-07704,CMP-018
LD-07704,CMP-017
LD-07705,CMP-015
LD-07708,CMP-011
LD-07711,CMP-015
LD-07717,CMP-026
LD-07721,CMP-024
LD-07721,CMP-003
LD-07722,CMP-022
LD-07724,CMP-028
LD-07724,CMP-013
LD-07727,CMP-023
LD-07728,CMP-015
LD-07729,CMP-010
LD-07742,CMP-024
LD-07743,CMP-022
LD-07748,CMP-015
LD-07750,CMP-025
LD-07759,CMP-001
LD-07759,CMP-008
LD-07761,CMP-010
LD-07761,CMP-023
LD-07762,CMP-016
LD-07771,CMP-019
LD-07776,CMP-016
LD-07776,CMP-020
LD-07777,CMP-021
LD-07777,CMP-005
LD-07790,CMP-008
LD-07791,CMP-021
LD-07796,CMP-024
LD-07801,CMP-009
LD-07805,CMP-015
LD-07815,CMP-018
LD-07815,CMP-009
LD-07819,CMP-017
LD-07820,CMP-008
LD-07826,CMP-007
LD-07830,CMP-020
LD-07831,CMP-019
LD-07836,CMP-001
LD-07836,CMP-009
LD-07837,CMP-016
LD-07837,CMP-021
LD-07846,CMP-021
LD-07846,CMP-015
LD-07849,CMP-011
LD-07852,CMP-003
LD-07859,CMP-025
LD-07860,CMP-007
LD-07880,CMP-030
LD-07886,CMP-015
LD-07886,CMP-010
LD-07890,CMP-002
LD-07890,CMP-014
LD-07894,CMP-027
LD-07900,CMP-011
LD-07900,CMP-018
LD-07906,CMP-006
LD-07915,CMP-008
LD-07915,CMP-009
LD-07918,CMP-021
LD-07924,CMP-011
LD-07926,CMP-028
LD-07927,CMP-019
LD-07934,CMP-023
LD-07934,CMP-001
LD-07941,CMP-024
LD-07941,CMP-029
LD-07945,CMP-022
LD-07950,CMP-014
LD-07951,CMP-026
LD-07951,CMP-002
LD-07959,CMP-026
LD-07959,CMP-018
LD-07982,CMP-015
LD-07982,CMP-017
LD-07991,CMP-014
LD-07996,CMP-025
LD-07997,CMP-029
LD-07997,CMP-023
LD-07999,CMP-007
LD-08000,CMP-001
LD-08003,CMP-018
LD-08005,CMP-030
LD-08005,CMP-008
LD-08013,CMP-004
LD-08025,CMP-017
LD-08030,CMP-024
LD-08030,CMP-020
LD-08033,CMP-003
LD-08037,CMP-001
LD-08038,CMP-013
LD-08038,CMP-028
LD-08039,CMP-010
LD-08045,CMP-029
LD-08048,CMP-002
LD-08048,CMP-005
LD-08051,CMP-005
LD-08054,CMP-028
LD-08060,CMP-024
LD-08066,CMP-010
LD-08069,CMP-001
LD-08069,CMP-026
LD-08070,CMP-029
LD-08071,CMP-030
LD-08076,CMP-001
LD-08078,CMP-003
LD-08078,CMP-004
LD-08086,CMP-016
LD-08093,CMP-024
LD-08093,CMP-027
LD-08095,CMP-017
LD-08096,CMP-008
LD-08100,CMP-008
LD-08101,CMP-024
LD-08103,CMP-022
LD-08103,CMP-019
LD-08108,CMP-012
LD-08108,CMP-022
LD-08113,CMP-026
LD-08114,CMP-001
LD-08116,CMP-006
LD-08118,CMP-016
LD-08118,CMP-028
LD-08119,CMP-015
LD-08119,CMP-007
LD-08121,CMP-004
LD-08121,CMP-024
LD-08123,CMP-011
LD-08123,CMP-029
LD-08128,CMP-022
LD-08133,CMP-018
LD-08134,CMP-015
LD-08136,CMP-005
LD-08136,CMP-028
LD-08139,CMP-028
LD-08144,CMP-027
LD-08145,CMP-007
LD-08148,CMP-019
LD-08151,CMP-018
LD-08151,CMP-008
LD-08152,CMP-012
LD-08153,CMP-021
LD-08158,CMP-028
LD-08160,CMP-010
LD-08160,CMP-013
LD-08165,CMP-001
LD-08165,CMP-003
LD-08170,CMP-002
LD-08172,CMP-027
LD-08173,CMP-013
LD-08174,CMP-013
LD-08174,CMP-019
LD-08177,CMP-005
LD-08179,CMP-007
LD-08181,CMP-001
LD-08181,CMP-021
LD-08183,CMP-025
LD-08191,CMP-029
LD-08194,CMP-004
LD-08194,CMP-021
LD-08204,CMP-008
LD-08204,CMP-028
LD-08208,CMP-021
LD-08219,CMP-008
LD-08236,CMP-004
LD-08245,CMP-028
LD-08245,CMP-015
LD-08248,CMP-022
LD-08248,CMP-030
LD-08249,CMP-001
LD-08252,CMP-026
LD-08252,CMP-001
LD-08255,CMP-012
LD-08255,CMP-008
LD-08257,CMP-015
LD-08257,CMP-023
LD-08260,CMP-018
LD-08261,CMP-024
LD-08261,CMP-013
LD-08265,CMP-011
LD-08268,CMP-011
LD-08290,CMP-013
LD-08292,CMP-003
LD-08293,CMP-028
LD-08293,CMP-009
LD-08294,CMP-018
LD-08294,CMP-012
LD-08303,CMP-015
LD-08308,CMP-027
LD-08314,CMP-008
LD-08331,CMP-012
LD-08331,CMP-029
LD-08335,CMP-011
LD-08338,CMP-004
LD-08340,CMP-018
LD-08340,CMP-011
LD-08341,CMP-024
LD-08352,CMP-001
LD-08353,CMP-029
LD-08356,CMP-003
LD-08361,CMP-014
LD-08365,CMP-010
LD-08365,CMP-018
LD-08371,CMP-028
LD-08371,CMP-001
LD-08373,CMP-019
LD-08373,CMP-004
LD-08375,CMP-017
LD-08377,CMP-008
LD-08381,CMP-021
LD-08389,CMP-023
LD-08389,CMP-016
LD-08390,CMP-006
LD-08401,CMP-017
LD-08404,CMP-022
LD-08406,CMP-001
LD-08409,CMP-028
LD-08409,CMP-003
LD-08423,CMP-027
LD-08424,CMP-020
LD-08430,CMP-004
LD-08430,CMP-012
LD-08433,CMP-016
LD-08435,CMP-015
LD-08440,CMP-011
LD-08446,CMP-030
LD-08451,CMP-028
LD-08463,CMP-013
LD-08463,CMP-014
LD-08470,CMP-025
LD-08470,CMP-022
LD-08473,CMP-010
LD-08475,CMP-021
LD-08476,CMP-018
LD-08477,CMP-013
LD-08478,CMP-027
LD-08479,CMP-024
LD-08479,CMP-017
LD-08483,CMP-004
LD-08484,CMP-029
LD-08491,CMP-007
LD-08493,CMP-001
LD-08495,CMP-006
LD-08495,CMP-013
LD-08497,CMP-002
LD-08497,CMP-005
LD-08500,CMP-022
LD-08500,CMP-019
LD-08505,CMP-014
LD-08505,CMP-023
LD-08506,CMP-013
LD-08507,CMP-027
LD-08510,CMP-002
LD-08511,CMP-005
LD-08511,CMP-022
LD-08512,CMP-021
LD-08513,CMP-029
LD-08516,CMP-024
LD-08520,CMP-010
LD-08520,CMP-028
LD-08523,CMP-003
LD-08526,CMP-016
LD-08528,CMP-027
LD-08532,CMP-020
LD-08533,CMP-015
LD-08535,CMP-025
LD-08539,CMP-028
LD-08539,CMP-009
LD-08547,CMP-021
LD-08552,CMP-020
LD-08553,CMP-005
LD-08556,CMP-014
LD-08557,CMP-020
LD-08560,CMP-005
LD-08563,CMP-019
LD-08564,CMP-025
LD-08568,CMP-001
LD-08586,CMP-013
LD-08589,CMP-014
LD-08590,CMP-002
LD-08604,CMP-022
LD-08604,CMP-013
LD-08606,CMP-007
LD-08620,CMP-010
LD-08620,CMP-029
LD-08621,CMP-002
LD-08621,CMP-007
LD-08626,CMP-015
LD-08627,CMP-013
LD-08629,CMP-021
LD-08632,CMP-011
LD-08632,CMP-015
LD-08633,CMP-025
LD-08636,CMP-022
LD-08637,CMP-003
LD-08638,CMP-011
LD-08644,CMP-012
LD-08649,CMP-010
LD-08650,CMP-029
LD-08652,CMP-018
LD-08653,CMP-006
LD-08653,CMP-018
LD-08661,CMP-004
LD-08661,CMP-025
LD-08662,CMP-016
LD-08662,CMP-013
LD-08671,CMP-022
LD-08673,CMP-029
LD-08675,CMP-022
LD-08675,CMP-013
LD-08678,CMP-021
LD-08682,CMP-001
LD-08682,CMP-020
LD-08684,CMP-012
LD-08685,CMP-017
LD-08691,CMP-023
LD-08695,CMP-022
LD-08695,CMP-003
LD-08697,CMP-024
LD-08702,CMP-023
LD-08702,CMP-013
LD-08709,CMP-018
LD-08709,CMP-007
LD-08714,CMP-028
LD-08714,CMP-017
LD-08715,CMP-026
LD-08720,CMP-025
LD-08721,CMP-001
LD-08722,CMP-028
LD-08722,CMP-030
LD-08724,CMP-021
LD-08728,CMP-007
LD-08733,CMP-026
LD-08739,CMP-023
LD-08748,CMP-007
LD-08749,CMP-023
LD-08755,CMP-021
LD-08755,CMP-027
LD-08761,CMP-017
LD-08762,CMP-010
LD-08764,CMP-016
LD-08769,CMP-001
LD-08779,CMP-015
LD-08779,CMP-012
LD-08781,CMP-010
LD-08781,CMP-025
LD-08789,CMP-030
LD-08789,CMP-026
LD-08794,CMP-024
LD-08797,CMP-026
LD-08800,CMP-012
LD-08800,CMP-001
LD-08803,CMP-019
LD-08806,CMP-005
LD-08806,CMP-009
LD-08808,CMP-006
LD-08808,CMP-010
LD-08810,CMP-008
LD-08810,CMP-007
LD-08814,CMP-016
LD-08816,CMP-003
LD-08828,CMP-020
LD-08828,CMP-004
LD-08837,CMP-014
LD-08838,CMP-023
LD-08838,CMP-008
LD-08851,CMP-023
LD-08856,CMP-011
LD-08861,CMP-015
LD-08869,CMP-012
LD-08871,CMP-008
LD-08876,CMP-011
LD-08886,CMP-017
LD-08892,CMP-007
LD-08893,CMP-001
LD-08900,CMP-020
LD-08909,CMP-004
LD-08910,CMP-018
LD-08915,CMP-021
LD-08917,CMP-021
LD-08925,CMP-005
LD-08926,CMP-023
LD-08928,CMP-011
LD-08928,CMP-003
LD-08935,CMP-018
LD-08945,CMP-016
LD-08950,CMP-011
LD-08950,CMP-013
LD-08952,CMP-017
LD-08962,CMP-019
LD-08963,CMP-013
LD-08972,CMP-011
LD-08972,CMP-007
LD-08975,CMP-015
LD-08976,CMP-007
LD-08976,CMP-006
LD-08989,CMP-019
LD-08990,CMP-007
LD-08990,CMP-017
LD-08991,CMP-007
LD-08994,CMP-024
LD-08994,CMP-011
LD-09004,CMP-029
LD-09005,CMP-020
LD-09006,CMP-009
LD-09008,CMP-024
LD-09008,CMP-019
LD-09015,CMP-014
LD-09015,CMP-021
LD-09016,CMP-029
LD-09018,CMP-030
LD-09018,CMP-029
LD-09021,CMP-029
LD-09023,CMP-004
LD-09024,CMP-015
LD-09026,CMP-009
LD-09026,CMP-001
LD-09033,CMP-014
LD-09038,CMP-025
LD-09040,CMP-007
LD-09040,CMP-026
LD-09041,CMP-028
LD-09041,CMP-007
LD-09043,CMP-021
LD-09044,CMP-018
LD-09050,CMP-015
LD-09050,CMP-027
LD-09051,CMP-012
LD-09054,CMP-011
LD-09060,CMP-005
LD-09060,CMP-027
LD-09067,CMP-011
LD-09073,CMP-017
LD-09073,CMP-030
LD-09081,CMP-027
LD-09083,CMP-029
LD-09083,CMP-004
LD-09088,CMP-024
LD-09089,CMP-016
LD-09089,CMP-004
LD-09091,CMP-018
LD-09091,CMP-030
LD-09100,CMP-027
LD-09101,CMP-023
LD-09102,CMP-016
LD-09103,CMP-023
LD-09107,CMP-027
LD-09109,CMP-004
LD-09113,CMP-004
LD-09125,CMP-002
LD-09126,CMP-001
LD-09126,CMP-009
LD-09137,CMP-016
LD-09141,CMP-024
LD-09145,CMP-008
LD-09145,CMP-020
LD-09147,CMP-018
LD-09147,CMP-025
LD-09155,CMP-003
LD-09156,CMP-009
LD-09156,CMP-023
LD-09160,CMP-019
LD-09160,CMP-004
LD-09165,CMP-020
LD-09172,CMP-025
LD-09175,CMP-008
LD-09175,CMP-023
LD-09176,CMP-004
LD-09177,CMP-024
LD-09180,CMP-012
LD-09188,CMP-018
LD-09190,CMP-009
LD-09191,CMP-016
LD-09191,CMP-013
LD-09195,CMP-006
LD-09202,CMP-019
LD-09206,CMP-024
LD-09208,CMP-017
LD-09210,CMP-019
LD-09214,CMP-028
LD-09215,CMP-007
LD-09219,CMP-005
LD-09221,CMP-028
LD-09225,CMP-008
LD-09226,CMP-027
LD-09226,CMP-021
LD-09230,CMP-002
LD-09230,CMP-028
LD-09248,CMP-014
LD-09253,CMP-012
LD-09260,CMP-028
LD-09260,CMP-016
LD-09267,CMP-016
LD-09272,CMP-009
LD-09275,CMP-011
LD-09279,CMP-007
LD-09279,CMP-027
LD-09287,CMP-007
LD-09287,CMP-022
LD-09288,CMP-007
LD-09288,CMP-026
LD-09297,CMP-012
LD-09297,CMP-008
LD-09299,CMP-018
LD-09299,CMP-011
LD-09300,CMP-009
LD-09301,CMP-027
LD-09302,CMP-001
LD-09302,CMP-003
LD-09312,CMP-021
LD-09317,CMP-004
LD-09320,CMP-009
LD-09321,CMP-005
LD-09323,CMP-007
LD-09323,CMP-002
LD-09325,CMP-004
LD-09326,CMP-010
LD-09326,CMP-014
LD-09328,CMP-030
LD-09328,CMP-018
LD-09331,CMP-025
LD-09332,CMP-007
LD-09332,CMP-018
LD-09335,CMP-026
LD-09336,CMP-008
LD-09340,CMP-030
LD-09341,CMP-001
LD-09348,CMP-014
LD-09356,CMP-014
LD-09356,CMP-026
LD-09358,CMP-016
LD-09364,CMP-006
LD-09373,CMP-022
LD-09377,CMP-013
LD-09380,CMP-024
LD-09380,CMP-015
LD-09382,CMP-012
LD-09382,CMP-008
LD-09385,CMP-006
LD-09391,CMP-012
LD-09392,CMP-003
LD-09394,CMP-009
LD-09402,CMP-006
LD-09402,CMP-017
LD-09403,CMP-020
LD-09404,CMP-010
LD-09408,CMP-020
LD-09411,CMP-018
LD-09416,CMP-008
LD-09420,CMP-017
LD-09422,CMP-006
LD-09423,CMP-028
LD-09424,CMP-019
LD-09426,CMP-006
LD-09426,CMP-023
LD-09429,CMP-003
LD-09436,CMP-029
LD-09436,CMP-017
LD-09444,CMP-006
LD-09444,CMP-017
LD-09445,CMP-026
LD-09446,CMP-020
LD-09451,CMP-012
LD-09451,CMP-001
LD-09452,CMP-025
LD-09453,CMP-025
LD-09455,CMP-021
LD-09458,CMP-029
LD-09464,CMP-002
LD-09464,CMP-008
LD-09469,CMP-030
LD-09471,CMP-003
LD-09471,CMP-020
LD-09472,CMP-002
LD-09472,CMP-030
LD-09474,CMP-012
LD-09478,CMP-005
LD-09481,CMP-021
LD-09483,CMP-011
LD-09490,CMP-025
LD-09490,CMP-016
LD-09493,CMP-005
LD-09496,CMP-024
LD-09496,CMP-021
LD-09499,CMP-020
LD-09502,CMP-001
LD-09508,CMP-030
LD-09511,CMP-009
LD-09517,CMP-003
LD-09519,CMP-020
LD-09519,CMP-024
LD-09524,CMP-021
LD-09524,CMP-022
LD-09525,CMP-022
LD-09533,CMP-009
LD-09537,CMP-002
LD-09537,CMP-019
LD-09540,CMP-018
LD-09576,CMP-019
LD-09576,CMP-013
LD-09581,CMP-016
LD-09585,CMP-002
LD-09586,CMP-002
LD-09589,CMP-022
LD-09589,CMP-019
LD-09591,CMP-011
LD-09592,CMP-002
LD-09599,CMP-020
LD-09601,CMP-005
LD-09602,CMP-006
LD-09605,CMP-023
LD-09607,CMP-022
LD-09607,CMP-006
LD-09610,CMP-010
LD-09610,CMP-021
LD-09612,CMP-026
LD-09617,CMP-002
LD-09618,CMP-005
LD-09621,CMP-010
LD-09625,CMP-014
LD-09625,CMP-004
LD-09629,CMP-030
LD-09629,CMP-023
LD-09630,CMP-021
LD-09630,CMP-002
LD-09634,CMP-013
LD-09637,CMP-026
LD-09637,CMP-023
LD-09649,CMP-014
LD-09650,CMP-005
LD-09651,CMP-008
LD-09657,CMP-021
LD-09659,CMP-011
LD-09659,CMP-001
LD-09660,CMP-007
LD-09664,CMP-017
LD-09664,CMP-013
LD-09669,CMP-015
LD-09672,CMP-002
LD-09672,CMP-010
LD-09674,CMP-016
LD-09675,CMP-030
LD-09675,CMP-015
LD-09676,CMP-030
LD-09678,CMP-009
LD-09678,CMP-010
LD-09681,CMP-013
LD-09681,CMP-009
LD-09682,CMP-002
LD-09685,CMP-014
LD-09686,CMP-026
LD-09691,CMP-025
LD-09693,CMP-018
LD-09694,CMP-025
LD-09694,CMP-004
LD-09697,CMP-006
LD-09697,CMP-018
LD-09699,CMP-003
LD-09705,CMP-022
LD-09706,CMP-014
LD-09706,CMP-006
LD-09707,CMP-024
LD-09708,CMP-025
LD-09713,CMP-028
LD-09717,CMP-006
LD-09718,CMP-011
LD-09725,CMP-012
LD-09735,CMP-006
LD-09736,CMP-017
LD-09742,CMP-026
LD-09747,CMP-020
LD-09751,CMP-027
LD-09752,CMP-018
LD-09752,CMP-025
LD-09760,CMP-021
LD-09760,CMP-011
LD-09764,CMP-005
LD-09767,CMP-019
LD-09768,CMP-018
LD-09773,CMP-008
LD-09778,CMP-022
LD-09780,CMP-027
LD-09783,CMP-003
LD-09783,CMP-017
LD-09785,CMP-014
LD-09785,CMP-001
LD-09786,CMP-011
LD-09788,CMP-030
LD-09789,CMP-012
LD-09790,CMP-025
LD-09790,CMP-011
LD-09791,CMP-006
LD-09792,CMP-008
LD-09793,CMP-027
LD-09795,CMP-026
LD-09798,CMP-030
LD-09798,CMP-018
LD-09799,CMP-029
LD-09807,CMP-019
LD-09808,CMP-002
LD-09813,CMP-003
LD-09816,CMP-021
LD-09817,CMP-007
LD-09817,CMP-024
LD-09822,CMP-001
LD-09822,CMP-022
LD-09824,CMP-016
LD-09834,CMP-009
LD-09834,CMP-008
LD-09838,CMP-001
LD-09838,CMP-004
LD-09844,CMP-022
LD-09850,CMP-005
LD-09852,CMP-019
LD-09853,CMP-023
LD-09854,CMP-014
LD-09857,CMP-028
LD-09862,CMP-028
LD-09870,CMP-002
LD-09870,CMP-009
LD-09871,CMP-006
LD-09872,CMP-024
LD-09876,CMP-010
LD-09877,CMP-025
LD-09877,CMP-001
LD-09880,CMP-012
LD-09880,CMP-010
LD-09887,CMP-015
LD-09889,CMP-021
LD-09890,CMP-018
LD-09893,CMP-017
LD-09896,CMP-024
LD-09896,CMP-013
LD-09897,CMP-008
LD-09902,CMP-021
LD-09905,CMP-011
LD-09909,CMP-007
LD-09909,CMP-006
LD-09910,CMP-024
LD-09921,CMP-011
LD-09922,CMP-012
LD-09926,CMP-023
LD-09929,CMP-028
LD-09929,CMP-002
LD-09939,CMP-002
LD-09941,CMP-004
LD-09941,CMP-009
LD-09945,CMP-020
LD-09946,CMP-026
LD-09948,CMP-002
LD-09951,CMP-030
LD-09957,CMP-030
LD-09959,CMP-030
LD-09963,CMP-021
LD-09969,CMP-007
LD-09972,CMP-022
LD-09975,CMP-012
LD-09980,CMP-027
LD-09983,CMP-002
LD-09983,CMP-018
LD-09984,CMP-004
LD-09984,CMP-003
LD-09987,CMP-014
LD-10000,CMP-015
LD-10002,CMP-009
LD-10002,CMP-011
LD-10007,CMP-010
LD-10013,CMP-008
LD-10021,CMP-017
LD-10022,CMP-026
LD-10023,CMP-017
LD-10026,CMP-011
LD-10028,CMP-011
LD-10028,CMP-018
LD-10029,CMP-002
LD-10033,CMP-023
LD-10034,CMP-020
LD-10037,CMP-024
LD-10038,CMP-006
LD-10038,CMP-022
LD-10041,CMP-025
LD-10042,CMP-028
LD-10046,CMP-003
LD-10049,CMP-026
LD-10049,CMP-029
LD-10053,CMP-024
LD-10054,CMP-011
LD-10061,CMP-020
LD-10064,CMP-005
LD-10073,CMP-001
LD-10074,CMP-013
LD-10076,CMP-024
LD-10076,CMP-017
LD-10086,CMP-027
LD-10087,CMP-024
LD-10087,CMP-002
LD-10089,CMP-002
LD-10093,CMP-020
LD-10093,CMP-012
LD-10095,CMP-005
LD-10096,CMP-026
LD-10097,CMP-028
LD-10101,CMP-009
LD-10105,CMP-016
LD-10107,CMP-013
LD-10112,CMP-005
LD-10129,CMP-003
LD-10129,CMP-015
LD-10130,CMP-010
LD-10130,CMP-021
LD-10136,CMP-026
LD-10136,CMP-008
LD-10143,CMP-016
LD-10154,CMP-027
LD-10160,CMP-002
LD-10160,CMP-010
LD-10162,CMP-008
LD-10169,CMP-013
LD-10173,CMP-017
LD-10173,CMP-015
LD-10178,CMP-021
LD-10181,CMP-008
LD-10182,CMP-028
LD-10182,CMP-002
LD-10196,CMP-030
LD-10200,CMP-011
LD-10203,CMP-008
LD-10220,CMP-026
LD-10221,CMP-004
LD-10223,CMP-017
LD-10223,CMP-016
LD-10225,CMP-025
LD-10227,CMP-007
LD-10234,CMP-023
LD-10237,CMP-024
LD-10238,CMP-021
LD-10239,CMP-008
LD-10244,CMP-004
LD-10247,CMP-007
LD-10248,CMP-017
LD-10253,CMP-013
LD-10257,CMP-006
LD-10260,CMP-027
LD-10267,CMP-020
LD-10269,CMP-010
LD-10269,CMP-024
LD-10287,CMP-022
LD-10290,CMP-017
LD-10297,CMP-009
LD-10299,CMP-025
LD-10313,CMP-019
LD-10313,CMP-013
LD-10316,CMP-010
LD-10317,CMP-019
LD-10320,CMP-029
LD-10336,CMP-029
LD-10337,CMP-006
LD-10342,CMP-011
LD-10349,CMP-027
LD-10350,CMP-027
LD-10350,CMP-001
LD-10356,CMP-011
LD-10356,CMP-001
LD-10360,CMP-018
LD-10360,CMP-022
LD-10361,CMP-003
LD-10362,CMP-019
LD-10362,CMP-013
LD-10367,CMP-004
LD-10367,CMP-022
LD-10368,CMP-025
LD-10378,CMP-028
LD-10378,CMP-017
LD-10383,CMP-001
LD-10384,CMP-020
LD-10387,CMP-004
LD-10392,CMP-027
LD-10392,CMP-028
LD-10393,CMP-013
LD-10397,CMP-028
LD-10400,CMP-028
LD-10403,CMP-021
LD-10403,CMP-014
LD-10404,CMP-024
LD-10406,CMP-001
LD-10406,CMP-029
LD-10412,CMP-024
LD-10419,CMP-024
LD-10419,CMP-021
LD-10426,CMP-001
LD-10430,CMP-007
LD-10437,CMP-030
LD-10437,CMP-013
LD-10441,CMP-022
LD-10444,CMP-008
LD-10449,CMP-018
LD-10452,CMP-015
LD-10455,CMP-019
LD-10455,CMP-002
LD-10457,CMP-002
LD-10457,CMP-005
LD-10459,CMP-027
LD-10466,CMP-018
LD-10466,CMP-004
LD-10473,CMP-021
LD-10480,CMP-006
LD-10480,CMP-019
LD-10481,CMP-026
LD-10481,CMP-024
LD-10489,CMP-018
LD-10492,CMP-019
LD-10495,CMP-013
LD-10495,CMP-022
LD-10497,CMP-023
LD-10497,CMP-002
LD-10502,CMP-028
LD-10505,CMP-003
LD-10507,CMP-021
LD-10510,CMP-022
LD-10510,CMP-028
LD-10512,CMP-018
LD-10516,CMP-024
LD-10517,CMP-003
LD-10519,CMP-015
LD-10523,CMP-008
LD-10523,CMP-014
LD-10531,CMP-020
LD-10533,CMP-024
LD-10533,CMP-020
LD-10534,CMP-017
LD-10534,CMP-010
LD-10541,CMP-010
LD-10542,CMP-026
LD-10542,CMP-025
LD-10550,CMP-018
LD-10553,CMP-009
LD-10553,CMP-013
LD-10565,CMP-027
LD-10572,CMP-013
LD-10582,CMP-022
LD-10582,CMP-015
LD-10583,CMP-022
LD-10584,CMP-029
LD-10585,CMP-028
LD-10585,CMP-012
LD-10591,CMP-006
LD-10594,CMP-026
LD-10594,CMP-013
LD-10601,CMP-006
LD-10609,CMP-013
LD-10611,CMP-019
LD-10611,CMP-008
LD-10613,CMP-004
LD-10613,CMP-008
LD-10616,CMP-012
LD-10616,CMP-001
LD-10618,CMP-013
LD-10618,CMP-028
LD-10620,CMP-025
LD-10620,CMP-016
LD-10623,CMP-007
LD-10631,CMP-006
LD-10631,CMP-002
LD-10632,CMP-019
LD-10632,CMP-008
LD-10634,CMP-007
LD-10638,CMP-007
LD-10638,CMP-004
LD-10640,CMP-027
LD-10644,CMP-015
LD-10644,CMP-028
LD-10646,CMP-028
LD-10650,CMP-002
LD-10660,CMP-001
LD-10660,CMP-009
LD-10671,CMP-002
LD-10671,CMP-011
LD-10691,CMP-006
LD-10691,CMP-017
LD-10692,CMP-003
LD-10697,CMP-002
LD-10698,CMP-012
LD-10698,CMP-021
LD-10701,CMP-005
LD-10705,CMP-028
LD-10706,CMP-001
LD-10707,CMP-002
LD-10707,CMP-017
LD-10708,CMP-018
LD-10708,CMP-024
LD-10709,CMP-010
LD-10713,CMP-005
LD-10713,CMP-016
LD-10729,CMP-017
LD-10734,CMP-007
LD-10736,CMP-029
LD-10738,CMP-020
LD-10738,CMP-003
LD-10739,CMP-029
LD-10740,CMP-014
LD-10742,CMP-012
LD-10743,CMP-025
LD-10758,CMP-005
LD-10758,CMP-020
LD-10760,CMP-013
LD-10760,CMP-029
LD-10762,CMP-013
LD-10763,CMP-023
LD-10765,CMP-006
LD-10766,CMP-007
LD-10771,CMP-027
LD-10772,CMP-006
LD-10772,CMP-005
LD-10780,CMP-021
LD-10781,CMP-008
LD-10787,CMP-011
LD-10797,CMP-019
LD-10804,CMP-020
LD-10808,CMP-015
LD-10809,CMP-011
LD-10810,CMP-025
LD-10810,CMP-017
LD-10811,CMP-007
LD-10817,CMP-005
LD-10824,CMP-018
LD-10826,CMP-009
LD-10828,CMP-017
LD-10828,CMP-028
LD-10836,CMP-030
LD-10836,CMP-002
LD-10841,CMP-009
LD-10845,CMP-004
LD-10845,CMP-015
LD-10846,CMP-007
LD-10847,CMP-001
LD-10856,CMP-021
LD-10856,CMP-028
LD-10859,CMP-030
LD-10860,CMP-016
LD-10860,CMP-003
LD-10863,CMP-005
LD-10867,CMP-004
LD-10876,CMP-004
LD-10878,CMP-002
LD-10883,CMP-030
LD-10883,CMP-008
LD-10887,CMP-014
LD-10890,CMP-015
LD-10892,CMP-025
LD-10892,CMP-017
LD-10893,CMP-006
LD-10894,CMP-001
LD-10895,CMP-021
LD-10895,CMP-017
LD-10898,CMP-005
LD-10900,CMP-001
LD-10901,CMP-023
LD-10909,CMP-023
LD-10912,CMP-027
LD-10913,CMP-008
LD-10915,CMP-007
LD-10915,CMP-014
LD-10916,CMP-018
LD-10916,CMP-012
LD-10919,CMP-009
LD-10923,CMP-030
LD-10923,CMP-002
LD-10926,CMP-018
LD-10928,CMP-015
LD-10933,CMP-005
LD-10942,CMP-008
LD-10946,CMP-020
LD-10951,CMP-012
LD-10951,CMP-014
LD-10954,CMP-019
LD-10955,CMP-012
LD-10955,CMP-010
LD-10960,CMP-015
LD-10962,CMP-025
LD-10967,CMP-018
LD-10967,CMP-008
LD-10971,CMP-014
LD-10976,CMP-004
LD-10976,CMP-005
LD-10981,CMP-007
LD-10985,CMP-011
LD-10987,CMP-012
LD-10995,CMP-006
LD-11008,CMP-006
LD-11008,CMP-027
LD-11009,CMP-030
LD-11009,CMP-009
LD-11013,CMP-019
LD-11013,CMP-003
LD-11018,CMP-013
LD-11023,CMP-026
LD-11032,CMP-027
LD-11038,CMP-022
LD-11040,CMP-002
LD-11043,CMP-021
LD-11053,CMP-027
LD-11055,CMP-004
LD-11055,CMP-014
LD-11070,CMP-019
LD-11070,CMP-030
LD-11071,CMP-026
LD-11072,CMP-006
LD-11072,CMP-029
LD-11075,CMP-007
LD-11082,CMP-022
LD-11084,CMP-004
LD-11089,CMP-022
LD-11090,CMP-029
LD-11090,CMP-005
LD-11092,CMP-001
LD-11116,CMP-002
LD-11119,CMP-011
LD-11119,CMP-016
LD-11122,CMP-013
LD-11124,CMP-003
LD-11124,CMP-025
LD-11126,CMP-017
LD-11131,CMP-018
LD-11131,CMP-029
LD-11132,CMP-024
LD-11132,CMP-025
LD-11136,CMP-009
LD-11137,CMP-008
LD-11143,CMP-016
LD-11146,CMP-022
LD-11146,CMP-029
LD-11159,CMP-023
LD-11164,CMP-001
LD-11164,CMP-009
LD-11165,CMP-005
LD-11165,CMP-003
LD-11172,CMP-027
LD-11173,CMP-018
LD-11173,CMP-005
LD-11174,CMP-009
LD-11181,CMP-005
LD-11181,CMP-025
LD-11184,CMP-020
LD-11186,CMP-007
LD-11188,CMP-012
LD-11189,CMP-027
LD-11198,CMP-011
LD-11198,CMP-018
LD-11199,CMP-011
LD-11199,CMP-025
LD-11201,CMP-012
LD-11203,CMP-016
LD-11203,CMP-005
LD-11210,CMP-013
LD-11210,CMP-028
LD-11216,CMP-023
LD-11217,CMP-018
LD-11220,CMP-015
LD-11223,CMP-009
LD-11223,CMP-014
LD-11232,CMP-023
LD-11240,CMP-011
LD-11243,CMP-004
LD-11245,CMP-002
LD-11250,CMP-012
LD-11251,CMP-003
LD-11266,CMP-016
LD-11266,CMP-001
LD-11267,CMP-026
LD-11267,CMP-005
LD-11271,CMP-013
LD-11271,CMP-022
LD-11278,CMP-009
LD-11278,CMP-006
LD-11279,CMP-011
LD-11279,CMP-014
LD-11284,CMP-026
LD-11288,CMP-014
LD-11289,CMP-009
LD-11289,CMP-026
LD-11296,CMP-013
LD-11301,CMP-006
LD-11304,CMP-025
LD-11305,CMP-029
LD-11305,CMP-016
LD-11315,CMP-030
LD-11317,CMP-018
LD-11317,CMP-026
LD-11320,CMP-004
LD-11326,CMP-006
LD-11333,CMP-023
LD-11338,CMP-030
LD-11340,CMP-008
LD-11340,CMP-024
LD-11341,CMP-011
LD-11341,CMP-008
LD-11354,CMP-017
LD-11356,CMP-002
LD-11356,CMP-022
LD-11358,CMP-010
LD-11358,CMP-021
LD-11361,CMP-004
LD-11362,CMP-005
LD-11366,CMP-022
LD-11366,CMP-020
LD-11375,CMP-016
LD-11377,CMP-022
LD-11377,CMP-006
LD-11381,CMP-026
LD-11386,CMP-023
LD-11386,CMP-021
LD-11394,CMP-011
LD-11397,CMP-017
LD-11398,CMP-015
LD-11401,CMP-012
LD-11401,CMP-006
LD-11403,CMP-009
LD-11403,CMP-014
LD-11404,CMP-027
LD-11405,CMP-023
LD-11405,CMP-003
LD-11406,CMP-015
LD-11407,CMP-001
LD-11409,CMP-008
LD-11409,CMP-021
LD-11411,CMP-017
LD-11412,CMP-028
LD-11412,CMP-018
LD-11414,CMP-019
LD-11414,CMP-017
LD-11415,CMP-029
LD-11418,CMP-016
LD-11418,CMP-019
LD-11422,CMP-009
LD-11424,CMP-028
LD-11425,CMP-023
LD-11425,CMP-009
LD-11426,CMP-029
LD-11431,CMP-019
LD-11434,CMP-001
LD-11435,CMP-029
LD-11436,CMP-017
LD-11440,CMP-006
LD-11441,CMP-027
LD-11444,CMP-001
LD-11449,CMP-017
LD-11461,CMP-030
LD-11464,CMP-021
LD-11464,CMP-008
LD-11465,CMP-019
LD-11467,CMP-009
LD-11467,CMP-014
LD-11468,CMP-007
LD-11474,CMP-007
LD-11479,CMP-012
LD-11483,CMP-015
LD-11483,CMP-027
LD-11484,CMP-029
LD-11485,CMP-014
LD-11485,CMP-029
LD-11489,CMP-030
LD-11494,CMP-010
LD-11495,CMP-018
LD-11495,CMP-011
LD-11496,CMP-025
LD-11496,CMP-020
LD-11497,CMP-012
LD-11500,CMP-010
LD-11507,CMP-017
LD-11521,CMP-028
LD-11521,CMP-003
LD-11522,CMP-001
LD-11522,CMP-023
LD-11524,CMP-005
LD-11543,CMP-004
LD-11543,CMP-015
LD-11545,CMP-022
LD-11548,CMP-026
LD-11553,CMP-020
LD-11554,CMP-005
LD-11554,CMP-014
LD-11556,CMP-011
LD-11558,CMP-026
LD-11565,CMP-022
LD-11567,CMP-011
LD-11570,CMP-005
LD-11571,CMP-016
LD-11571,CMP-027
LD-11572,CMP-024
LD-11573,CMP-008
LD-11573,CMP-030
LD-11577,CMP-007
LD-11587,CMP-003
LD-11592,CMP-023
LD-11596,CMP-001
LD-11596,CMP-016
LD-11598,CMP-003
LD-11599,CMP-001
LD-11599,CMP-020
LD-11606,CMP-024
LD-11609,CMP-002
LD-11609,CMP-027
LD-11610,CMP-002
LD-11611,CMP-026
LD-11613,CMP-001
LD-11619,CMP-018
LD-11619,CMP-023
LD-11623,CMP-014
LD-11624,CMP-028
LD-11632,CMP-016
LD-11634,CMP-007
LD-11642,CMP-022
LD-11654,CMP-013
LD-11655,CMP-002
LD-11655,CMP-024
LD-11656,CMP-019
LD-11667,CMP-013
LD-11667,CMP-030
LD-11668,CMP-011
LD-11670,CMP-030
LD-11670,CMP-009
LD-11673,CMP-012
LD-11673,CMP-003
LD-11674,CMP-006
LD-11674,CMP-007
LD-11677,CMP-018
LD-11681,CMP-024
LD-11682,CMP-029
LD-11691,CMP-023
LD-11691,CMP-015
LD-11693,CMP-006
LD-11694,CMP-023
LD-11694,CMP-020
LD-11696,CMP-023
LD-11696,CMP-003
LD-11702,CMP-028
LD-11702,CMP-002
LD-11703,CMP-025
LD-11704,CMP-003
LD-11707,CMP-030
LD-11710,CMP-015
LD-11710,CMP-021
LD-11714,CMP-004
LD-11718,CMP-030
LD-11726,CMP-010
LD-11726,CMP-022
LD-11730,CMP-001
LD-11732,CMP-029
LD-11734,CMP-003
LD-11734,CMP-018
LD-11737,CMP-021
LD-11744,CMP-022
LD-11744,CMP-019
LD-11748,CMP-016
LD-11753,CMP-003
LD-11757,CMP-016
LD-11761,CMP-022
LD-11765,CMP-028
LD-11765,CMP-008
LD-11766,CMP-016
LD-11771,CMP-021
LD-11773,CMP-007
LD-11776,CMP-006
LD-11783,CMP-008
LD-11785,CMP-003
LD-11786,CMP-019
LD-11787,CMP-027
LD-11789,CMP-021
LD-11795,CMP-003
LD-11800,CMP-030
LD-11800,CMP-015
LD-11801,CMP-011
LD-11801,CMP-028
LD-11802,CMP-003
LD-11803,CMP-010
LD-11805,CMP-014
LD-11810,CMP-012
LD-11812,CMP-015
LD-11812,CMP-029
LD-11813,CMP-001
LD-11814,CMP-003
LD-11817,CMP-006
LD-11820,CMP-003
LD-11830,CMP-007
LD-11830,CMP-018
LD-11842,CMP-025
LD-11845,CMP-003
LD-11849,CMP-029
LD-11849,CMP-006
LD-11860,CMP-020
LD-11865,CMP-002
LD-11866,CMP-009
LD-11866,CMP-016
LD-11868,CMP-030
LD-11869,CMP-003
LD-11875,CMP-024
LD-11877,CMP-021
LD-11882,CMP-005
LD-11884,CMP-023
LD-11887,CMP-029
LD-11890,CMP-029
LD-11891,CMP-013
LD-11892,CMP-012
LD-11902,CMP-021
LD-11904,CMP-022
LD-11904,CMP-029
LD-11910,CMP-019
LD-11913,CMP-009
LD-11920,CMP-026
LD-11922,CMP-016
LD-11922,CMP-001
LD-11930,CMP-013
LD-11937,CMP-025
LD-11946,CMP-019
LD-11948,CMP-006
LD-11955,CMP-009
LD-11956,CMP-022
LD-11956,CMP-005
LD-11957,CMP-021
LD-11957,CMP-018
LD-11960,CMP-018
LD-11963,CMP-024
LD-11966,CMP-030
LD-11966,CMP-027
LD-11970,CMP-007
LD-11971,CMP-029
LD-11979,CMP-008
LD-11981,CMP-026
LD-11983,CMP-028
LD-11986,CMP-012
LD-11988,CMP-030
LD-11988,CMP-023
LD-11994,CMP-024
LD-11994,CMP-025
LD-12004,CMP-026
LD-12004,CMP-003
LD-12007,CMP-011
LD-12009,CMP-019
LD-12014,CMP-006
LD-12014,CMP-025
LD-12022,CMP-001
LD-12023,CMP-005
LD-12023,CMP-008
LD-12029,CMP-002
LD-12029,CMP-022
LD-12033,CMP-014
LD-12039,CMP-008
LD-12042,CMP-001
LD-12048,CMP-030
LD-12049,CMP-024
LD-12051,CMP-011
LD-12052,CMP-027
LD-12061,CMP-002
LD-12061,CMP-004
LD-12063,CMP-028
LD-12066,CMP-026
LD-12069,CMP-015
LD-12072,CMP-014
LD-12072,CMP-007
LD-12074,CMP-030
LD-12075,CMP-030
LD-12079,CMP-001
LD-12084,CMP-030
LD-12085,CMP-024
LD-12086,CMP-006
LD-12090,CMP-020
LD-12094,CMP-025
LD-12096,CMP-016
LD-12099,CMP-013
LD-12104,CMP-020
LD-12110,CMP-020
LD-12110,CMP-012
LD-12115,CMP-021
LD-12121,CMP-001
LD-12126,CMP-026
LD-12128,CMP-014
LD-12138,CMP-025
LD-12140,CMP-013
LD-12141,CMP-016
LD-12142,CMP-004
LD-12161,CMP-025
LD-12161,CMP-009
LD-12162,CMP-007
LD-12167,CMP-021
LD-12171,CMP-023
LD-12179,CMP-007
LD-12179,CMP-012
LD-12181,CMP-027
LD-12185,CMP-028
LD-12187,CMP-013
LD-12187,CMP-022
LD-12190,CMP-016
LD-12192,CMP-025
LD-12192,CMP-004
LD-12195,CMP-008
LD-12200,CMP-008
LD-12200,CMP-019
LD-12205,CMP-002
LD-12205,CMP-012
LD-12208,CMP-012
LD-12209,CMP-003
LD-12209,CMP-019
LD-12210,CMP-011
LD-12210,CMP-014
LD-12221,CMP-026
LD-12222,CMP-006
LD-12222,CMP-014
LD-12225,CMP-004
LD-12250,CMP-011
LD-12250,CMP-023
LD-12255,CMP-027
LD-12257,CMP-007
LD-12257,CMP-004
LD-12261,CMP-017
LD-12267,CMP-019
LD-12268,CMP-025
LD-12271,CMP-019
LD-12271,CMP-021
LD-12276,CMP-018
LD-12279,CMP-016
LD-12279,CMP-013
LD-12280,CMP-019
LD-12280,CMP-015
LD-12289,CMP-001
LD-12294,CMP-009
LD-12294,CMP-019
LD-12295,CMP-015
LD-12297,CMP-005
LD-12297,CMP-019
LD-12298,CMP-011
LD-12300,CMP-024
LD-12300,CMP-001
LD-12301,CMP-004
LD-12302,CMP-015
LD-12313,CMP-012
LD-12313,CMP-030
LD-12316,CMP-025
LD-12316,CMP-009
LD-12321,CMP-026
LD-12323,CMP-019
LD-12323,CMP-030
LD-12324,CMP-025
LD-12334,CMP-005
LD-12339,CMP-019
LD-12348,CMP-005
LD-12349,CMP-004
LD-12353,CMP-007
LD-12353,CMP-010
LD-12360,CMP-001
LD-12361,CMP-019
LD-12366,CMP-027
LD-12367,CMP-004
LD-12367,CMP-005
LD-12378,CMP-001
LD-12378,CMP-018
LD-12384,CMP-018
LD-12389,CMP-030
LD-12393,CMP-007
LD-12397,CMP-007
LD-12400,CMP-021
LD-12403,CMP-017
LD-12403,CMP-024
LD-12409,CMP-023
LD-12409,CMP-029
LD-12410,CMP-013
LD-12410,CMP-025
LD-12412,CMP-021
LD-12416,CMP-007
LD-12418,CMP-002
LD-12418,CMP-005
LD-12427,CMP-015
LD-12428,CMP-007
LD-12429,CMP-020
LD-12431,CMP-005
LD-12436,CMP-008
LD-12438,CMP-003
LD-12438,CMP-024
LD-12439,CMP-026
LD-12439,CMP-015
LD-12447,CMP-029
LD-12448,CMP-009
LD-12450,CMP-029
LD-12451,CMP-024
LD-12455,CMP-007
LD-12458,CMP-005
LD-12459,CMP-003
LD-12459,CMP-026
LD-12463,CMP-015
LD-12467,CMP-029
LD-12468,CMP-027
LD-12468,CMP-029
LD-12470,CMP-022
LD-12470,CMP-029
LD-12474,CMP-021
LD-12474,CMP-023
LD-12476,CMP-004
LD-12476,CMP-020
LD-12491,CMP-011
LD-12494,CMP-013
LD-12494,CMP-025
LD-12499,CMP-016
LD-12502,CMP-026
LD-12504,CMP-002
LD-12505,CMP-017
LD-12506,CMP-023
LD-12510,CMP-015
LD-12521,CMP-006
LD-12521,CMP-020
LD-12526,CMP-029
LD-12527,CMP-024
LD-12527,CMP-009
LD-12531,CMP-005
LD-12536,CMP-028
LD-12536,CMP-007
LD-12539,CMP-007
LD-12544,CMP-017
LD-12545,CMP-001
LD-12545,CMP-009
LD-12548,CMP-020
LD-12548,CMP-022
LD-12553,CMP-026
LD-12557,CMP-014
LD-12557,CMP-021
LD-12559,CMP-014
LD-12564,CMP-030
LD-12566,CMP-003
LD-12569,CMP-001
LD-12570,CMP-005
LD-12574,CMP-007
LD-12574,CMP-002
LD-12575,CMP-011
LD-12577,CMP-008
LD-12577,CMP-014
LD-12586,CMP-013
LD-12587,CMP-020
LD-12588,CMP-004
LD-12588,CMP-007
LD-12589,CMP-008
LD-12595,CMP-003
LD-12597,CMP-004
LD-12599,CMP-012
LD-12608,CMP-010
LD-12608,CMP-029
LD-12609,CMP-017
LD-12617,CMP-006
LD-12619,CMP-015
LD-12619,CMP-021
LD-12629,CMP-020
LD-12631,CMP-022
LD-12631,CMP-006
LD-12632,CMP-023
LD-12635,CMP-006
LD-12636,CMP-002
LD-12641,CMP-017
LD-12642,CMP-003
LD-12645,CMP-019
LD-12651,CMP-004
LD-12653,CMP-029
LD-12655,CMP-023
LD-12656,CMP-012
LD-12660,CMP-007
LD-12660,CMP-028
LD-12661,CMP-021
LD-12661,CMP-002
LD-12663,CMP-029
LD-12668,CMP-030
LD-12675,CMP-006
LD-12675,CMP-027
LD-12677,CMP-028
LD-12678,CMP-029
LD-12681,CMP-007
LD-12683,CMP-017
LD-12685,CMP-006
LD-12687,CMP-018
LD-12687,CMP-010
LD-12689,CMP-007
LD-12692,CMP-023
LD-12693,CMP-022
LD-12695,CMP-012
LD-12697,CMP-017
LD-12698,CMP-013
LD-12704,CMP-027
LD-12704,CMP-019
LD-12712,CMP-015
LD-12713,CMP-004
LD-12713,CMP-015
LD-12725,CMP-023
LD-12731,CMP-019
LD-12733,CMP-007
LD-12735,CMP-011
LD-12736,CMP-022
LD-12736,CMP-014
LD-12738,CMP-024
LD-12738,CMP-010
LD-12743,CMP-025
LD-12751,CMP-018
LD-12752,CMP-010
LD-12752,CMP-022
LD-12756,CMP-013
LD-12756,CMP-009
LD-12757,CMP-026
LD-12762,CMP-017
LD-12762,CMP-021
LD-12767,CMP-010
LD-12767,CMP-025
LD-12769,CMP-011
LD-12770,CMP-022
LD-12771,CMP-029
LD-12771,CMP-001
LD-12772,CMP-004
LD-12773,CMP-006
LD-12776,CMP-010
LD-12779,CMP-009
LD-12784,CMP-028
LD-12796,CMP-001
LD-12801,CMP-002
LD-12810,CMP-013
LD-12810,CMP-010
LD-12820,CMP-030
LD-12822,CMP-017
LD-12826,CMP-021
LD-12829,CMP-002
LD-12832,CMP-005
LD-12832,CMP-020
LD-12834,CMP-009
LD-12834,CMP-022
LD-12838,CMP-006
LD-12838,CMP-010
LD-12841,CMP-004
LD-12845,CMP-011
LD-12851,CMP-007
LD-12856,CMP-016
LD-12856,CMP-029
LD-12868,CMP-005
LD-12869,CMP-007
LD-12869,CMP-004
LD-12873,CMP-013
LD-12874,CMP-003
LD-12876,CMP-008
LD-12876,CMP-030
LD-12889,CMP-019
LD-12891,CMP-005
LD-12897,CMP-015
LD-12898,CMP-030
LD-12899,CMP-012
LD-12901,CMP-015
LD-12912,CMP-004
LD-12912,CMP-012
LD-12913,CMP-007
LD-12913,CMP-009
LD-12914,CMP-002
LD-12917,CMP-007
LD-12918,CMP-014
LD-12919,CMP-023
LD-12921,CMP-014
LD-12922,CMP-017
LD-12922,CMP-018
LD-12926,CMP-016
LD-12931,CMP-011
LD-12933,CMP-014
LD-12933,CMP-011
LD-12937,CMP-004
LD-12945,CMP-015
LD-12954,CMP-029
LD-12954,CMP-013
LD-12956,CMP-002
LD-12956,CMP-020
LD-12959,CMP-004
LD-12960,CMP-016
LD-12960,CMP-008
LD-12966,CMP-018
LD-12971,CMP-009
LD-12971,CMP-024
LD-12977,CMP-019
LD-12977,CMP-012
LD-12987,CMP-027
LD-12989,CMP-015
LD-12993,CMP-027
LD-12994,CMP-021
LD-12999,CMP-030
LD-12999,CMP-009
LD-13005,CMP-017
LD-13008,CMP-024
LD-13010,CMP-025
LD-13018,CMP-019
LD-13019,CMP-024
LD-13020,CMP-027
LD-13024,CMP-030
LD-13024,CMP-014
LD-13025,CMP-027
LD-13027,CMP-024
LD-13027,CMP-017
LD-13029,CMP-024
LD-13030,CMP-007
LD-13034,CMP-026
LD-13036,CMP-028
LD-13039,CMP-012
LD-13039,CMP-004
LD-13046,CMP-002
LD-13050,CMP-007
LD-13050,CMP-013
LD-13051,CMP-030
LD-13054,CMP-025
LD-13054,CMP-013
LD-13055,CMP-003
LD-13064,CMP-018
LD-13075,CMP-008
LD-13075,CMP-019
LD-13076,CMP-012
LD-13079,CMP-008
LD-13079,CMP-013
LD-13083,CMP-016
LD-13085,CMP-018
LD-13093,CMP-009
LD-13094,CMP-003
LD-13094,CMP-002
LD-13103,CMP-014
LD-13103,CMP-027
LD-13107,CMP-005
LD-13109,CMP-005
LD-13109,CMP-016
LD-13112,CMP-009
LD-13119,CMP-019
LD-13123,CMP-019
LD-13124,CMP-020
LD-13126,CMP-025
LD-13126,CMP-012
LD-13131,CMP-005
LD-13131,CMP-028
LD-13135,CMP-026
LD-13136,CMP-026
LD-13137,CMP-027
LD-13139,CMP-007
LD-13142,CMP-017
LD-13148,CMP-007
LD-13153,CMP-020
LD-13154,CMP-012
LD-13160,CMP-012
LD-13162,CMP-030
LD-13165,CMP-029
LD-13167,CMP-015
LD-13167,CMP-005
LD-13168,CMP-003
LD-13169,CMP-023
LD-13170,CMP-004
LD-13170,CMP-019
LD-13172,CMP-027
LD-13174,CMP-023
LD-13178,CMP-018
LD-13180,CMP-005
LD-13186,CMP-016
LD-13189,CMP-009
LD-13194,CMP-002
LD-13201,CMP-015
LD-13201,CMP-023
LD-13204,CMP-002
LD-13210,CMP-007
LD-13213,CMP-015
LD-13216,CMP-008
LD-13216,CMP-005
LD-13220,CMP-007
LD-13222,CMP-021
LD-13223,CMP-003
LD-13224,CMP-019
LD-13225,CMP-029
LD-13225,CMP-003
LD-13229,CMP-011
LD-13234,CMP-004
LD-13238,CMP-015
LD-13246,CMP-006
LD-13250,CMP-007
LD-13252,CMP-005
LD-13254,CMP-019
LD-13261,CMP-014
LD-13264,CMP-016
LD-13266,CMP-024
LD-13266,CMP-018
LD-13267,CMP-009
LD-13271,CMP-013
LD-13272,CMP-004
LD-13277,CMP-006
LD-13281,CMP-024
LD-13281,CMP-020
LD-13285,CMP-005
LD-13285,CMP-007
LD-13286,CMP-030
LD-13287,CMP-010
LD-13289,CMP-015
LD-13298,CMP-002
LD-13299,CMP-013
LD-13303,CMP-008
LD-13303,CMP-009
LD-13304,CMP-009
LD-13304,CMP-015
LD-13305,CMP-017
LD-13307,CMP-011
LD-13307,CMP-009
LD-13309,CMP-006
LD-13310,CMP-007
LD-13311,CMP-022
LD-13311,CMP-024
LD-13312,CMP-012
LD-13314,CMP-025
LD-13317,CMP-008
LD-13319,CMP-015
LD-13319,CMP-008
LD-13322,CMP-004
LD-13323,CMP-026
LD-13323,CMP-001
LD-13324,CMP-013
LD-13325,CMP-027
LD-13328,CMP-024
LD-13328,CMP-027
LD-13333,CMP-013
LD-13334,CMP-010
LD-13337,CMP-016
LD-13340,CMP-030
LD-13343,CMP-022
LD-13343,CMP-008
LD-13345,CMP-024
LD-13349,CMP-011
LD-13350,CMP-023
LD-13352,CMP-005
LD-13352,CMP-001
LD-13356,CMP-007
LD-13360,CMP-013
LD-13367,CMP-023
LD-13368,CMP-018
LD-13370,CMP-026
LD-13374,CMP-030
LD-13377,CMP-001
LD-13377,CMP-005
LD-13380,CMP-017
LD-13380,CMP-029
LD-13381,CMP-023
LD-13382,CMP-015
LD-13387,CMP-012
LD-13389,CMP-003
LD-13391,CMP-018
LD-13394,CMP-003
LD-13399,CMP-004
LD-13401,CMP-008
LD-13404,CMP-005
LD-13408,CMP-007
LD-13410,CMP-003
LD-13410,CMP-012
LD-13411,CMP-021
LD-13415,CMP-014
LD-13415,CMP-025
LD-13419,CMP-010
LD-13419,CMP-013
LD-13423,CMP-015
LD-13425,CMP-013
LD-13425,CMP-027
LD-13428,CMP-001
LD-13441,CMP-011
LD-13444,CMP-022
LD-13446,CMP-017
LD-13465,CMP-027
LD-13465,CMP-003
LD-13470,CMP-026
LD-13472,CMP-010
LD-13472,CMP-005
LD-13473,CMP-028
LD-13473,CMP-009
LD-13475,CMP-024
LD-13475,CMP-014
LD-13478,CMP-005
LD-13482,CMP-006
LD-13482,CMP-012
LD-13485,CMP-022
LD-13494,CMP-017
LD-13495,CMP-001
LD-13504,CMP-017
LD-13508,CMP-013
LD-13512,CMP-002
LD-13513,CMP-027
LD-13514,CMP-007
LD-13514,CMP-022
LD-13516,CMP-008
LD-13518,CMP-002
LD-13518,CMP-010
LD-13519,CMP-001
LD-13519,CMP-027
LD-13522,CMP-002
LD-13522,CMP-007
LD-13523,CMP-004
LD-13525,CMP-003
LD-13530,CMP-027
LD-13530,CMP-004
LD-13536,CMP-002
LD-13536,CMP-025
LD-13541,CMP-022
LD-13541,CMP-023
LD-13544,CMP-004
LD-13544,CMP-019
LD-13548,CMP-028
LD-13548,CMP-012
LD-13550,CMP-007
LD-13556,CMP-018
LD-13558,CMP-017
LD-13558,CMP-024
LD-13559,CMP-025
LD-13566,CMP-025
LD-13567,CMP-005
LD-13573,CMP-025
LD-13573,CMP-004
LD-13577,CMP-018
LD-13580,CMP-018
LD-13581,CMP-026
LD-13585,CMP-022
LD-13585,CMP-028
LD-13587,CMP-007
LD-13588,CMP-006
LD-13596,CMP-009
LD-13596,CMP-013
LD-13598,CMP-022
LD-13600,CMP-008
LD-13608,CMP-027
LD-13612,CMP-030
LD-13612,CMP-001
LD-13620,CMP-023
LD-13627,CMP-008
LD-13628,CMP-030
LD-13629,CMP-020
LD-13630,CMP-027
LD-13631,CMP-002
LD-13632,CMP-030
LD-13641,CMP-008
LD-13641,CMP-010
LD-13643,CMP-001
LD-13664,CMP-005
LD-13666,CMP-017
LD-13666,CMP-004
LD-13667,CMP-005
LD-13667,CMP-013
LD-13668,CMP-025
LD-13670,CMP-008
LD-13672,CMP-026
LD-13673,CMP-025
LD-13673,CMP-009
LD-13679,CMP-002
LD-13684,CMP-018
LD-13684,CMP-021
LD-13687,CMP-004
LD-13691,CMP-029
LD-13695,CMP-023
LD-13695,CMP-015
LD-13698,CMP-011
LD-13702,CMP-029
LD-13703,CMP-002
LD-13703,CMP-015
LD-13704,CMP-005
LD-13704,CMP-001
LD-13719,CMP-024
LD-13721,CMP-014
LD-13734,CMP-022
LD-13743,CMP-009
LD-13743,CMP-025
LD-13744,CMP-022
LD-13745,CMP-014
LD-13745,CMP-015
LD-13746,CMP-017
LD-13762,CMP-006
LD-13763,CMP-006
LD-13774,CMP-002
LD-13783,CMP-004
LD-13786,CMP-006
LD-13787,CMP-024
LD-13788,CMP-004
LD-13792,CMP-027
LD-13792,CMP-003
LD-13793,CMP-028
LD-13794,CMP-029
LD-13796,CMP-026
LD-13802,CMP-002
LD-13803,CMP-007
LD-13812,CMP-026
LD-13813,CMP-030
LD-13814,CMP-019
LD-13815,CMP-025
LD-13815,CMP-030
LD-13817,CMP-020
LD-13824,CMP-023
LD-13824,CMP-006
LD-13828,CMP-027
LD-13835,CMP-023
LD-13848,CMP-017
LD-13856,CMP-002
LD-13863,CMP-025
LD-13870,CMP-019
LD-13873,CMP-008
LD-13875,CMP-008
LD-13881,CMP-004
LD-13885,CMP-008
LD-13890,CMP-020
LD-13894,CMP-013
LD-13895,CMP-005
LD-13895,CMP-001
LD-13897,CMP-004
LD-13909,CMP-002
LD-13914,CMP-019
LD-13914,CMP-012
LD-13915,CMP-030
LD-13916,CMP-020
LD-13919,CMP-029
LD-13923,CMP-013
LD-13926,CMP-008
LD-13927,CMP-014
LD-13933,CMP-013
LD-13933,CMP-004
LD-13935,CMP-029
LD-13937,CMP-001
LD-13938,CMP-022
LD-13948,CMP-001
LD-13948,CMP-011
LD-13952,CMP-010
LD-13965,CMP-017
LD-13969,CMP-023
LD-13969,CMP-030
LD-13974,CMP-016
LD-13975,CMP-021
LD-13975,CMP-013
LD-13977,CMP-029
LD-13979,CMP-012
LD-13979,CMP-004
LD-13980,CMP-006
LD-13997,CMP-013
LD-13999,CMP-013
LD-13999,CMP-016
LD-14008,CMP-006
LD-14008,CMP-018
LD-14012,CMP-012
LD-14013,CMP-006
LD-14013,CMP-025
LD-14015,CMP-018
LD-14020,CMP-026
LD-14022,CMP-010
LD-14023,CMP-020
LD-14024,CMP-020
LD-14029,CMP-013
LD-14030,CMP-027
LD-14030,CMP-002
LD-14032,CMP-006
LD-14036,CMP-020
LD-14037,CMP-019
LD-14042,CMP-027
LD-14044,CMP-013
LD-14047,CMP-030
LD-14048,CMP-016
LD-14048,CMP-022
LD-14049,CMP-009
LD-14054,CMP-028
LD-14054,CMP-005
LD-14057,CMP-001
LD-14057,CMP-019
LD-14066,CMP-026
LD-14068,CMP-010
LD-14074,CMP-029
LD-14074,CMP-027
LD-14075,CMP-015
LD-14076,CMP-022
LD-14077,CMP-016
LD-14077,CMP-014
LD-14081,CMP-020
LD-14081,CMP-010
LD-14091,CMP-027
LD-14093,CMP-006
LD-14101,CMP-006
LD-14102,CMP-014
LD-14102,CMP-025
LD-14103,CMP-017
LD-14105,CMP-019
LD-14105,CMP-025
LD-14108,CMP-024
LD-14108,CMP-008
LD-14110,CMP-018
LD-14110,CMP-019
LD-14111,CMP-006
LD-14112,CMP-024
LD-14112,CMP-023
LD-14116,CMP-008
LD-14122,CMP-024
LD-14122,CMP-009
LD-14126,CMP-019
LD-14131,CMP-028
LD-14134,CMP-015
LD-14141,CMP-027
LD-14141,CMP-021
LD-14147,CMP-025
LD-14147,CMP-008
LD-14148,CMP-012
LD-14151,CMP-027
LD-14151,CMP-017
LD-14155,CMP-030
LD-14155,CMP-023
LD-14158,CMP-011
LD-14159,CMP-021
LD-14159,CMP-027
LD-14161,CMP-008
LD-14161,CMP-012
LD-14170,CMP-001
LD-14174,CMP-016
LD-14174,CMP-023
LD-14178,CMP-014
LD-14181,CMP-025
LD-14181,CMP-003
LD-14182,CMP-017
LD-14182,CMP-021
LD-14183,CMP-007
LD-14183,CMP-017
LD-14187,CMP-025
LD-14202,CMP-019
LD-14203,CMP-023
LD-14207,CMP-018
LD-14213,CMP-013
LD-14218,CMP-026
LD-14220,CMP-022
LD-14228,CMP-025
LD-14230,CMP-024
LD-14230,CMP-030
LD-14232,CMP-020
LD-14232,CMP-009
LD-14250,CMP-015
LD-14250,CMP-001
LD-14253,CMP-027
LD-14254,CMP-001
LD-14255,CMP-009
LD-14259,CMP-026
LD-14260,CMP-026
LD-14268,CMP-021
LD-14268,CMP-013
LD-14282,CMP-029
LD-14285,CMP-015
LD-14287,CMP-030
LD-14290,CMP-015
LD-14298,CMP-013
LD-14299,CMP-020
LD-14309,CMP-017
LD-14317,CMP-014
LD-14320,CMP-028
LD-14320,CMP-004
LD-14324,CMP-017
LD-14325,CMP-008
LD-14326,CMP-002
LD-14326,CMP-021
LD-14328,CMP-007
LD-14341,CMP-001
LD-14350,CMP-030
LD-14351,CMP-015
LD-14353,CMP-019
LD-14356,CMP-008
LD-14360,CMP-008
LD-14365,CMP-008
LD-14372,CMP-022
LD-14372,CMP-001
LD-14376,CMP-004
LD-14380,CMP-009
LD-14380,CMP-023
LD-14383,CMP-008
LD-14391,CMP-019
LD-14391,CMP-010
LD-14394,CMP-005
LD-14406,CMP-006
LD-14406,CMP-007
LD-14412,CMP-019
LD-14431,CMP-029
LD-14433,CMP-007
LD-14433,CMP-020
LD-14440,CMP-010
LD-14445,CMP-026
LD-14449,CMP-024
LD-14449,CMP-030
LD-14450,CMP-010
LD-14452,CMP-011
LD-14452,CMP-005
LD-14455,CMP-019
LD-14459,CMP-006
LD-14459,CMP-024
LD-14461,CMP-010
LD-14463,CMP-002
LD-14465,CMP-001
LD-14470,CMP-018
LD-14470,CMP-029
LD-14471,CMP-030
LD-14482,CMP-022
LD-14482,CMP-012
LD-14487,CMP-019
LD-14487,CMP-011
LD-14489,CMP-028
LD-14489,CMP-001
LD-14493,CMP-011
LD-14498,CMP-004
LD-14498,CMP-001
LD-14499,CMP-016
LD-14501,CMP-012
LD-14502,CMP-003
LD-14502,CMP-025
LD-14506,CMP-027
LD-14510,CMP-017
LD-14513,CMP-024
LD-14513,CMP-006
LD-14514,CMP-009
LD-14514,CMP-028
LD-14516,CMP-025
LD-14517,CMP-001
LD-14517,CMP-015
LD-14518,CMP-028
LD-14518,CMP-005
LD-14523,CMP-014
LD-14524,CMP-026
LD-14527,CMP-003
LD-14527,CMP-016
LD-14530,CMP-003
LD-14531,CMP-007
LD-14531,CMP-009
LD-14532,CMP-018
LD-14537,CMP-011
LD-14540,CMP-022
LD-14540,CMP-012
LD-14541,CMP-030
LD-14544,CMP-002
LD-14545,CMP-029
LD-14547,CMP-011
LD-14547,CMP-029
LD-14548,CMP-001
LD-14548,CMP-025
LD-14552,CMP-026
LD-14557,CMP-008
LD-14558,CMP-022
LD-14558,CMP-009
LD-14560,CMP-022
LD-14562,CMP-013
LD-14571,CMP-011
LD-14573,CMP-030
LD-14580,CMP-016
LD-14581,CMP-002
LD-14581,CMP-020
LD-14587,CMP-028
LD-14587,CMP-008
LD-14588,CMP-022
LD-14590,CMP-013
LD-14595,CMP-026
LD-14600,CMP-015
LD-14600,CMP-026
LD-14604,CMP-022
LD-14604,CMP-001
LD-14605,CMP-012
LD-14605,CMP-023
LD-14606,CMP-024
LD-14606,CMP-023
LD-14608,CMP-030
LD-14611,CMP-010
LD-14613,CMP-024
LD-14614,CMP-014
LD-14614,CMP-029
LD-14623,CMP-008
LD-14623,CMP-001
LD-14628,CMP-027
LD-14628,CMP-018
LD-14630,CMP-017
LD-14638,CMP-005
LD-14641,CMP-009
LD-14641,CMP-027
LD-14642,CMP-001
LD-14644,CMP-006
LD-14645,CMP-021
LD-14646,CMP-005
LD-14647,CMP-011
LD-14648,CMP-025
LD-14658,CMP-002
LD-14659,CMP-012
LD-14659,CMP-030
LD-14667,CMP-010
LD-14671,CMP-008
LD-14671,CMP-017
LD-14672,CMP-021
LD-14685,CMP-005
LD-14685,CMP-004
LD-14689,CMP-008
LD-14695,CMP-001
LD-14695,CMP-010
LD-14696,CMP-025
LD-14699,CMP-012
LD-14700,CMP-012
LD-14701,CMP-003
LD-14704,CMP-008
LD-14706,CMP-014
LD-14707,CMP-011
LD-14712,CMP-010
LD-14713,CMP-019
LD-14725,CMP-011
LD-14728,CMP-025
LD-14732,CMP-028
LD-14732,CMP-023
LD-14734,CMP-013
LD-14734,CMP-029
LD-14752,CMP-008
LD-14752,CMP-028
LD-14753,CMP-019
LD-14755,CMP-014
LD-14758,CMP-023
LD-14761,CMP-007
LD-14769,CMP-030
LD-14769,CMP-026
LD-14771,CMP-009
LD-14772,CMP-030
LD-14772,CMP-008
LD-14777,CMP-002
LD-14778,CMP-001
LD-14788,CMP-016
LD-14788,CMP-022
LD-14789,CMP-029
LD-14794,CMP-027
LD-14794,CMP-009
LD-14795,CMP-029
LD-14796,CMP-011
LD-14796,CMP-014
LD-14799,CMP-004
LD-14800,CMP-026
LD-14800,CMP-010
LD-14803,CMP-021
LD-14805,CMP-016
LD-14817,CMP-001
LD-14817,CMP-007
LD-14818,CMP-008
LD-14820,CMP-006
LD-14830,CMP-009
LD-14831,CMP-016
LD-14834,CMP-014
LD-14834,CMP-005
LD-14839,CMP-008
LD-14841,CMP-021
LD-14841,CMP-028
LD-14842,CMP-029
LD-14842,CMP-026
LD-14861,CMP-002
LD-14861,CMP-019
LD-14865,CMP-020
LD-14870,CMP-007
LD-14870,CMP-005
LD-14875,CMP-006
LD-14879,CMP-022
LD-14880,CMP-011
LD-14883,CMP-001
LD-14883,CMP-023
LD-14895,CMP-027
LD-14898,CMP-024
LD-14898,CMP-017
LD-14911,CMP-013
LD-14920,CMP-013
LD-14920,CMP-001
LD-14925,CMP-007
LD-14925,CMP-029
LD-14928,CMP-005
LD-14931,CMP-019
LD-14935,CMP-014
LD-14939,CMP-009
LD-14939,CMP-011
LD-14940,CMP-011
LD-14940,CMP-025
LD-14945,CMP-014
LD-14947,CMP-017
LD-14950,CMP-010
LD-14956,CMP-028
LD-14956,CMP-010
LD-14962,CMP-007
LD-14966,CMP-027
LD-14969,CMP-015
LD-14970,CMP-014
LD-14973,CMP-005
LD-14973,CMP-030
LD-14974,CMP-002
LD-14974,CMP-006
LD-14975,CMP-024
LD-14976,CMP-001
LD-14980,CMP-022
LD-14984,CMP-020
LD-14995,CMP-017
LD-14995,CMP-001
LD-14999,CMP-025
LD-14999,CMP-023
LD-15000,CMP-019
LD-15012,CMP-009
LD-15018,CMP-011
LD-15024,CMP-004
LD-15029,CMP-020
LD-15029,CMP-012
LD-15031,CMP-003
LD-15038,CMP-027
LD-15045,CMP-006
LD-15048,CMP-001
LD-15048,CMP-024
LD-15054,CMP-010
LD-15054,CMP-030
LD-15056,CMP-007
LD-15063,CMP-003
LD-15063,CMP-026
LD-15065,CMP-015
LD-15067,CMP-029
LD-15070,CMP-014
LD-15070,CMP-020
LD-15071,CMP-030
LD-15072,CMP-008
LD-15074,CMP-021
LD-15075,CMP-020
LD-15075,CMP-017
LD-15077,CMP-029
LD-15078,CMP-022
LD-15082,CMP-011
LD-15082,CMP-027
LD-15085,CMP-002
LD-15085,CMP-022
LD-15091,CMP-014
LD-15091,CMP-016
LD-15096,CMP-027
LD-15098,CMP-012
LD-15100,CMP-018
LD-15106,CMP-017
LD-15109,CMP-028
LD-15110,CMP-022
LD-15113,CMP-022
LD-15113,CMP-004
LD-15119,CMP-018
LD-15125,CMP-028
LD-15125,CMP-021
LD-15130,CMP-001
LD-15138,CMP-025
LD-15139,CMP-013
LD-15142,CMP-022
LD-15142,CMP-010
LD-15147,CMP-011
LD-15148,CMP-028
LD-15148,CMP-017
LD-15152,CMP-023
LD-15152,CMP-015
LD-15153,CMP-015
LD-15154,CMP-025
LD-15161,CMP-015
LD-15163,CMP-021
LD-15164,CMP-020
LD-15164,CMP-022
LD-15166,CMP-023
LD-15166,CMP-027
LD-15168,CMP-017
LD-15170,CMP-010
LD-15171,CMP-002
LD-15173,CMP-030
LD-15176,CMP-007
LD-15179,CMP-027
LD-15179,CMP-030
LD-15186,CMP-028
LD-15197,CMP-027
LD-15201,CMP-003
LD-15204,CMP-007
LD-15204,CMP-025
LD-15220,CMP-005
LD-15225,CMP-027
LD-15226,CMP-010
LD-15230,CMP-021
LD-15234,CMP-015
LD-15239,CMP-006
LD-15239,CMP-024
LD-15240,CMP-018
LD-15240,CMP-010
LD-15246,CMP-003
LD-15246,CMP-015
LD-15247,CMP-006
LD-15249,CMP-013
LD-15251,CMP-029
LD-15256,CMP-023
LD-15256,CMP-029
LD-15257,CMP-027
LD-15257,CMP-018
LD-15260,CMP-024
LD-15270,CMP-014
LD-15279,CMP-014
LD-15286,CMP-011
LD-15289,CMP-005
LD-15290,CMP-005
LD-15291,CMP-009
LD-15294,CMP-024
LD-15297,CMP-016
LD-15297,CMP-012
LD-15298,CMP-004
LD-15301,CMP-021
LD-15302,CMP-004
LD-15302,CMP-009
LD-15304,CMP-008
LD-15309,CMP-029
LD-15309,CMP-010
LD-15310,CMP-027
LD-15310,CMP-002
LD-15311,CMP-008
LD-15311,CMP-016
LD-15312,CMP-007
LD-15312,CMP-003
LD-15323,CMP-028
LD-15323,CMP-029
LD-15325,CMP-001
LD-15326,CMP-001
LD-15326,CMP-006
LD-15328,CMP-024
LD-15337,CMP-018
LD-15340,CMP-025
LD-15342,CMP-030
LD-15342,CMP-012
LD-15345,CMP-022
LD-15345,CMP-016
LD-15346,CMP-005
LD-15348,CMP-017
LD-15352,CMP-010
LD-15353,CMP-010
LD-15353,CMP-008
LD-15354,CMP-014
LD-15354,CMP-004
LD-15356,CMP-017
LD-15357,CMP-024
LD-15363,CMP-009
LD-15369,CMP-018
LD-15371,CMP-021
LD-15373,CMP-011
LD-15374,CMP-014
LD-15377,CMP-027
LD-15378,CMP-008
LD-15386,CMP-002
LD-15398,CMP-026
LD-15403,CMP-024
LD-15405,CMP-028
LD-15411,CMP-009
LD-15416,CMP-002
LD-15418,CMP-004
LD-15423,CMP-009
LD-15429,CMP-004
LD-15429,CMP-026
LD-15430,CMP-024
LD-15443,CMP-014
LD-15443,CMP-007
LD-15455,CMP-006
LD-15455,CMP-020
LD-15461,CMP-013
LD-15468,CMP-028
LD-15470,CMP-014
LD-15472,CMP-008
LD-15472,CMP-013
LD-15477,CMP-030
LD-15477,CMP-025
LD-15482,CMP-005
LD-15482,CMP-025
LD-15483,CMP-024
LD-15483,CMP-008
LD-15490,CMP-011
LD-15491,CMP-021
LD-15493,CMP-007
LD-15493,CMP-024
LD-15504,CMP-013
LD-15506,CMP-019
LD-15506,CMP-021
LD-15508,CMP-014
LD-15509,CMP-022
LD-15510,CMP-004
LD-15514,CMP-001
LD-15518,CMP-016
LD-15520,CMP-004
LD-15526,CMP-013
LD-15535,CMP-013
LD-15535,CMP-006
LD-15546,CMP-015
LD-15547,CMP-001
LD-15552,CMP-006
LD-15555,CMP-019
LD-15555,CMP-015
LD-15556,CMP-015
LD-15556,CMP-022
LD-15557,CMP-007
LD-15560,CMP-004
LD-15560,CMP-006
LD-15561,CMP-004
LD-15562,CMP-019
LD-15563,CMP-025
LD-15565,CMP-009
LD-15575,CMP-003
LD-15575,CMP-024
LD-15576,CMP-028
LD-15581,CMP-004
LD-15588,CMP-021
LD-15592,CMP-028
LD-15593,CMP-013
LD-15597,CMP-008
LD-15598,CMP-028
LD-15608,CMP-023
LD-15614,CMP-002
LD-15615,CMP-004
LD-15615,CMP-028
LD-15617,CMP-004
LD-15617,CMP-007
LD-15619,CMP-019
LD-15624,CMP-022
LD-15624,CMP-028
LD-15625,CMP-010
LD-15626,CMP-027
LD-15628,CMP-011
LD-15628,CMP-005
LD-15631,CMP-014
LD-15638,CMP-002
LD-15642,CMP-004
LD-15642,CMP-026
LD-15644,CMP-021
LD-15646,CMP-003
LD-15649,CMP-002
LD-15649,CMP-014
LD-15654,CMP-027
LD-15654,CMP-012
LD-15661,CMP-010
LD-15677,CMP-019
LD-15685,CMP-029
LD-15685,CMP-005
LD-15688,CMP-015
LD-15689,CMP-005
LD-15700,CMP-001
LD-15706,CMP-025
LD-15706,CMP-026
LD-15707,CMP-001
LD-15712,CMP-026
LD-15712,CMP-025
LD-15713,CMP-018
LD-15714,CMP-014
LD-15714,CMP-006
LD-15723,CMP-010
LD-15724,CMP-016
LD-15731,CMP-002
LD-15732,CMP-015
LD-15732,CMP-020
LD-15737,CMP-012
LD-15752,CMP-016
LD-15753,CMP-020
LD-15754,CMP-001
LD-15755,CMP-028
LD-15756,CMP-004
LD-15765,CMP-030
LD-15773,CMP-021
LD-15777,CMP-025
LD-15782,CMP-015
LD-15784,CMP-004
LD-15794,CMP-018
LD-15794,CMP-011
LD-15800,CMP-006
LD-15800,CMP-019
LD-15802,CMP-020
LD-15805,CMP-012
LD-15809,CMP-003
LD-15809,CMP-024
LD-15810,CMP-014
LD-15811,CMP-015
LD-15815,CMP-005
LD-15820,CMP-005
LD-15822,CMP-007
LD-15822,CMP-016
LD-15825,CMP-010
LD-15825,CMP-009
LD-15831,CMP-018
LD-15832,CMP-008
LD-15834,CMP-007
LD-15836,CMP-009
LD-15837,CMP-010
LD-15838,CMP-011
LD-15839,CMP-020
LD-15839,CMP-004
LD-15842,CMP-013
LD-15843,CMP-019
LD-15843,CMP-026
LD-15845,CMP-012
LD-15849,CMP-020
LD-15853,CMP-028
LD-15854,CMP-017
LD-15856,CMP-030
LD-15868,CMP-003
LD-15869,CMP-029
LD-15870,CMP-019
LD-15871,CMP-013
LD-15871,CMP-020
LD-15872,CMP-013
LD-15874,CMP-025
LD-15874,CMP-002
LD-15877,CMP-017
LD-15878,CMP-001
LD-15880,CMP-022
LD-15882,CMP-021
LD-15885,CMP-003
LD-15885,CMP-020
LD-15886,CMP-021
LD-15887,CMP-014
LD-15889,CMP-013
LD-15895,CMP-001
LD-15895,CMP-024
LD-15899,CMP-010
LD-15901,CMP-005
LD-15903,CMP-021
LD-15903,CMP-015
LD-15912,CMP-020
LD-15921,CMP-023
LD-15921,CMP-014
LD-15927,CMP-026
LD-15932,CMP-014
LD-15937,CMP-013
LD-15941,CMP-021
LD-15945,CMP-004
LD-15945,CMP-018
LD-15947,CMP-013
LD-15952,CMP-003
LD-15952,CMP-010
LD-15956,CMP-015
LD-15965,CMP-009
LD-15969,CMP-020
LD-15969,CMP-007
LD-15971,CMP-004
LD-15971,CMP-016
LD-15974,CMP-011
LD-15974,CMP-019
LD-15975,CMP-029
LD-15975,CMP-007
LD-15977,CMP-004
LD-15979,CMP-027
LD-15992,CMP-008
LD-15992,CMP-026
